timestamp,station,temperature_c,pressure_hpa,humidity_pct
2026-09-07 00:00:00,AWS-E01,31.33,1009.83,47.12
2026-09-07 00:05:00,AWS-E01,30.35,1010.63,47.58
2026-09-07 00:10:00,AWS-E01,30.98,1010.66,50.68
2026-09-07 00:15:00,AWS-E01,31.25,1009.78,49.9
2026-09-07 00:20:00,AWS-E01,30.92,1009.93,47.59
2026-09-07 00:25:00,AWS-E01,31.91,1011.45,49.18
2026-09-07 00:30:00,AWS-E01,31.14,1011.19,48.19
2026-09-07 00:35:00,AWS-E01,31.41,1010.54,49.72
2026-09-07 00:40:00,AWS-E01,31.67,1010.72,47.37
2026-09-07 00:45:00,AWS-E01,31.33,1010.42,48.6
2026-09-07 00:50:00,AWS-E01,30.94,1010.91,50.84
2026-09-07 00:55:00,AWS-E01,31.48,1010.51,47.59
2026-09-07 01:00:00,AWS-E01,32.04,1010.04,46.6
2026-09-07 01:05:00,AWS-E01,31.61,1010.38,47.44
2026-09-07 01:10:00,AWS-E01,31.47,1010.97,45.66
2026-09-07 01:15:00,AWS-E01,32.13,1010.56,49.64
2026-09-07 01:20:00,AWS-E01,31.73,1011.04,46.2
2026-09-07 01:25:00,AWS-E01,31.7,1010.68,45.39
2026-09-07 01:30:00,AWS-E01,31.96,1010.85,44.43
2026-09-07 01:35:00,AWS-E01,32.21,1011.55,47.22
2026-09-07 01:40:00,AWS-E01,32.8,1011.35,46.77
2026-09-07 01:45:00,AWS-E01,32.28,1011.29,44.64
2026-09-07 01:50:00,AWS-E01,32.42,1011.68,46.17
2026-09-07 01:55:00,AWS-E01,31.86,1011.56,42.97
2026-09-07 02:00:00,AWS-E01,31.69,1011.98,45.45
2026-09-07 02:05:00,AWS-E01,32.09,1011.25,45.8
2026-09-07 02:10:00,AWS-E01,32.12,1011.29,47.64
2026-09-07 02:15:00,AWS-E01,31.71,1010.97,43.89
2026-09-07 02:20:00,AWS-E01,32.03,1011.34,43.1
2026-09-07 02:25:00,AWS-E01,32.24,1011.92,43.66
2026-09-07 02:30:00,AWS-E01,32.23,1012.07,43.0
2026-09-07 02:35:00,AWS-E01,32.28,1011.95,47.01
2026-09-07 02:40:00,AWS-E01,32.2,1010.86,47.34
2026-09-07 02:45:00,AWS-E01,31.91,1012.02,45.52
2026-09-07 02:50:00,AWS-E01,31.9,1010.86,46.91
2026-09-07 02:55:00,AWS-E01,31.65,1011.96,45.32
2026-09-07 03:00:00,AWS-E01,32.68,1011.45,45.03
2026-09-07 03:05:00,AWS-E01,32.04,1011.88,44.73
2026-09-07 03:10:00,AWS-E01,31.94,1011.06,44.84
2026-09-07 03:15:00,AWS-E01,31.67,1012.06,43.06
2026-09-07 03:20:00,AWS-E01,33.0,1010.99,45.87
2026-09-07 03:25:00,AWS-E01,31.57,1011.3,45.51
2026-09-07 03:30:00,AWS-E01,31.76,1011.15,46.8
2026-09-07 03:35:00,AWS-E01,32.03,1010.83,45.94
2026-09-07 03:40:00,AWS-E01,32.06,1011.55,45.68
2026-09-07 03:45:00,AWS-E01,32.14,1012.21,44.75
2026-09-07 03:50:00,AWS-E01,32.4,1012.53,46.31
2026-09-07 03:55:00,AWS-E01,31.9,1011.47,47.47
2026-09-07 04:00:00,AWS-E01,31.31,1011.85,44.81
2026-09-07 04:05:00,AWS-E01,31.54,1011.46,46.82
2026-09-07 04:10:00,AWS-E01,31.69,1011.53,47.22
2026-09-07 04:15:00,AWS-E01,32.26,1011.15,45.99
2026-09-07 04:20:00,AWS-E01,30.99,1011.33,46.38
2026-09-07 04:25:00,AWS-E01,31.84,1011.42,47.81
2026-09-07 04:30:00,AWS-E01,31.43,1010.93,45.98
2026-09-07 04:35:00,AWS-E01,31.6,1011.08,48.43
2026-09-07 04:40:00,AWS-E01,31.2,1011.04,46.79
2026-09-07 04:45:00,AWS-E01,30.88,1011.34,49.96
2026-09-07 04:50:00,AWS-E01,31.37,1010.53,52.12
2026-09-07 04:55:00,AWS-E01,31.26,1010.89,47.58
2026-09-07 05:00:00,AWS-E01,31.3,1011.61,49.93
2026-09-07 05:05:00,AWS-E01,30.88,1011.26,48.31
2026-09-07 05:10:00,AWS-E01,30.6,1011.27,51.24
2026-09-07 05:15:00,AWS-E01,30.19,1010.68,48.07
2026-09-07 05:20:00,AWS-E01,30.94,1010.74,50.98
2026-09-07 05:25:00,AWS-E01,30.72,1010.95,49.24
2026-09-07 05:30:00,AWS-E01,30.15,1011.11,50.55
2026-09-07 05:35:00,AWS-E01,30.21,1009.64,49.62
2026-09-07 05:40:00,AWS-E01,30.15,1009.83,52.72
2026-09-07 05:45:00,AWS-E01,29.71,1010.82,50.56
2026-09-07 05:50:00,AWS-E01,29.85,1010.12,52.97
2026-09-07 05:55:00,AWS-E01,29.65,1009.9,51.97
2026-09-07 06:00:00,AWS-E01,29.8,1009.6,52.65
2026-09-07 06:05:00,AWS-E01,29.59,1009.81,53.4
2026-09-07 06:10:00,AWS-E01,29.19,1009.41,52.39
2026-09-07 06:15:00,AWS-E01,30.36,1010.74,54.2
2026-09-07 06:20:00,AWS-E01,29.99,1009.83,56.55
2026-09-07 06:25:00,AWS-E01,29.18,1009.75,53.46
2026-09-07 06:30:00,AWS-E01,29.45,1009.95,56.76
2026-09-07 06:35:00,AWS-E01,29.39,1010.03,57.63
2026-09-07 06:40:00,AWS-E01,29.56,1009.97,54.54
2026-09-07 06:45:00,AWS-E01,28.75,1009.96,53.97
2026-09-07 06:50:00,AWS-E01,29.31,1009.21,57.0
2026-09-07 06:55:00,AWS-E01,28.62,1009.29,56.12
2026-09-07 07:00:00,AWS-E01,28.24,1009.66,60.15
2026-09-07 07:05:00,AWS-E01,28.85,1009.08,57.8
2026-09-07 07:10:00,AWS-E01,28.93,1009.24,56.96
2026-09-07 07:15:00,AWS-E01,29.27,1009.35,56.85
2026-09-07 07:20:00,AWS-E01,27.83,1009.45,60.62
2026-09-07 07:25:00,AWS-E01,28.38,1008.38,58.55
2026-09-07 07:30:00,AWS-E01,27.88,1009.33,59.89
2026-09-07 07:35:00,AWS-E01,28.18,1008.9,61.68
2026-09-07 07:40:00,AWS-E01,27.28,1009.23,59.94
2026-09-07 07:45:00,AWS-E01,27.23,1009.22,61.03
2026-09-07 07:50:00,AWS-E01,27.28,1009.51,61.5
2026-09-07 07:55:00,AWS-E01,27.46,1009.38,62.98
2026-09-07 08:00:00,AWS-E01,27.09,1009.34,63.28
2026-09-07 08:05:00,AWS-E01,27.43,1009.35,62.49
2026-09-07 08:10:00,AWS-E01,27.44,1008.86,63.35
2026-09-07 08:15:00,AWS-E01,27.17,1008.73,63.13
2026-09-07 08:20:00,AWS-E01,27.41,1009.04,61.91
2026-09-07 08:25:00,AWS-E01,26.87,1008.96,64.95
2026-09-07 08:30:00,AWS-E01,26.17,1008.53,67.84
2026-09-07 08:35:00,AWS-E01,26.96,1008.8,64.11
2026-09-07 08:40:00,AWS-E01,26.15,1008.61,64.71
2026-09-07 08:45:00,AWS-E01,26.56,1008.27,65.0
2026-09-07 08:50:00,AWS-E01,26.67,1009.12,67.83
2026-09-07 08:55:00,AWS-E01,26.16,1008.62,67.85
2026-09-07 09:00:00,AWS-E01,25.36,1009.42,67.37
2026-09-07 09:05:00,AWS-E01,25.44,1007.95,66.67
2026-09-07 09:10:00,AWS-E01,26.11,1008.38,68.61
2026-09-07 09:15:00,AWS-E01,25.47,1008.63,66.55
2026-09-07 09:20:00,AWS-E01,25.44,1009.08,69.54
2026-09-07 09:25:00,AWS-E01,25.56,1008.8,71.06
2026-09-07 09:30:00,AWS-E01,25.42,1008.78,68.3
2026-09-07 09:35:00,AWS-E01,25.16,1008.22,68.3
2026-09-07 09:40:00,AWS-E01,24.87,1008.23,73.38
2026-09-07 09:45:00,AWS-E01,24.72,1008.84,70.51
2026-09-07 09:50:00,AWS-E01,25.02,1008.19,73.54
2026-09-07 09:55:00,AWS-E01,24.8,1008.56,72.02
2026-09-07 10:00:00,AWS-E01,24.41,1009.0,72.41
2026-09-07 10:05:00,AWS-E01,24.76,1008.44,73.71
2026-09-07 10:10:00,AWS-E01,24.23,1009.51,72.13
2026-09-07 10:15:00,AWS-E01,23.87,1009.4,74.04
2026-09-07 10:20:00,AWS-E01,23.79,1008.32,73.66
2026-09-07 10:25:00,AWS-E01,23.61,1008.62,72.64
2026-09-07 10:30:00,AWS-E01,23.75,1008.13,75.51
2026-09-07 10:35:00,AWS-E01,24.18,1008.77,74.98
2026-09-07 10:40:00,AWS-E01,23.36,1009.44,75.51
2026-09-07 10:45:00,AWS-E01,23.61,1009.02,74.3
2026-09-07 10:50:00,AWS-E01,23.22,1009.42,78.86
2026-09-07 10:55:00,AWS-E01,23.26,1008.69,78.14
2026-09-07 11:00:00,AWS-E01,22.72,1009.67,78.62
2026-09-07 11:05:00,AWS-E01,23.08,1009.19,77.06
2026-09-07 11:10:00,AWS-E01,23.0,1009.47,75.26
2026-09-07 11:15:00,AWS-E01,23.16,1009.49,81.12
2026-09-07 11:20:00,AWS-E01,22.96,1009.08,78.42
2026-09-07 11:25:00,AWS-E01,22.38,1009.19,77.71
2026-09-07 11:30:00,AWS-E01,23.09,1010.1,79.77
2026-09-07 11:35:00,AWS-E01,22.7,1009.93,81.2
2026-09-07 11:40:00,AWS-E01,22.61,1010.26,79.71
2026-09-07 11:45:00,AWS-E01,22.46,1010.03,81.95
2026-09-07 11:50:00,AWS-E01,22.21,1010.03,81.95
2026-09-07 11:55:00,AWS-E01,22.39,1009.34,78.98
2026-09-07 12:00:00,AWS-E01,22.4,1009.99,79.86
2026-09-07 12:05:00,AWS-E01,21.55,1010.15,82.57
2026-09-07 12:10:00,AWS-E01,21.91,1011.01,77.31
2026-09-07 12:15:00,AWS-E01,21.94,1010.57,81.41
2026-09-07 12:20:00,AWS-E01,22.05,1010.97,79.72
2026-09-07 12:25:00,AWS-E01,22.32,1010.66,81.38
2026-09-07 12:30:00,AWS-E01,21.57,1010.2,81.87
2026-09-07 12:35:00,AWS-E01,21.6,1010.6,82.0
2026-09-07 12:40:00,AWS-E01,21.54,1010.71,81.91
2026-09-07 12:45:00,AWS-E01,21.39,1010.3,81.29
2026-09-07 12:50:00,AWS-E01,21.49,1010.58,86.56
2026-09-07 12:55:00,AWS-E01,21.84,1010.71,86.11
2026-09-07 13:00:00,AWS-E01,21.15,1011.49,81.73
2026-09-07 13:05:00,AWS-E01,21.62,1010.07,86.01
2026-09-07 13:10:00,AWS-E01,20.84,1011.44,83.19
2026-09-07 13:15:00,AWS-E01,21.2,1010.64,84.13
2026-09-07 13:20:00,AWS-E01,21.24,1010.52,83.98
2026-09-07 13:25:00,AWS-E01,21.91,1011.59,83.21
2026-09-07 13:30:00,AWS-E01,21.19,1011.45,85.79
2026-09-07 13:35:00,AWS-E01,20.49,1011.71,84.62
2026-09-07 13:40:00,AWS-E01,20.53,1011.57,83.81
2026-09-07 13:45:00,AWS-E01,21.22,1012.11,82.66
2026-09-07 13:50:00,AWS-E01,21.4,1011.55,83.36
2026-09-07 13:55:00,AWS-E01,21.3,1011.3,82.31
2026-09-07 14:00:00,AWS-E01,21.21,1011.54,84.85
2026-09-07 14:05:00,AWS-E01,21.54,1011.93,83.09
2026-09-07 14:10:00,AWS-E01,20.93,1011.15,84.53
2026-09-07 14:15:00,AWS-E01,21.42,1011.23,87.01
2026-09-07 14:20:00,AWS-E01,20.53,1011.39,86.78
2026-09-07 14:25:00,AWS-E01,20.78,1010.69,84.95
2026-09-07 14:30:00,AWS-E01,20.47,1011.6,84.87
2026-09-07 14:35:00,AWS-E01,21.01,1010.81,87.82
2026-09-07 14:40:00,AWS-E01,21.09,1011.6,85.76
2026-09-07 14:45:00,AWS-E01,21.15,1011.93,84.47
2026-09-07 14:50:00,AWS-E01,21.14,1011.4,82.78
2026-09-07 14:55:00,AWS-E01,20.81,1012.27,85.47
2026-09-07 15:00:00,AWS-E01,21.08,1011.02,86.07
2026-09-07 15:05:00,AWS-E01,20.64,1012.08,83.82
2026-09-07 15:10:00,AWS-E01,21.66,1011.86,85.13
2026-09-07 15:15:00,AWS-E01,21.1,1010.9,84.07
2026-09-07 15:20:00,AWS-E01,21.06,1012.66,84.25
2026-09-07 15:25:00,AWS-E01,21.81,1011.54,80.7
2026-09-07 15:30:00,AWS-E01,20.85,1011.2,83.99
2026-09-07 15:35:00,AWS-E01,20.93,1010.97,85.66
2026-09-07 15:40:00,AWS-E01,20.97,1011.42,83.13
2026-09-07 15:45:00,AWS-E01,21.37,1011.43,84.02
2026-09-07 15:50:00,AWS-E01,21.58,1011.5,82.66
2026-09-07 15:55:00,AWS-E01,21.73,1011.31,84.18
2026-09-07 16:00:00,AWS-E01,22.42,1011.65,83.15
2026-09-07 16:05:00,AWS-E01,20.78,1011.21,81.9
2026-09-07 16:10:00,AWS-E01,21.83,1010.55,85.12
2026-09-07 16:15:00,AWS-E01,21.47,1011.23,84.33
2026-09-07 16:20:00,AWS-E01,21.52,1010.3,81.83
2026-09-07 16:25:00,AWS-E01,21.56,1011.35,83.28
2026-09-07 16:30:00,AWS-E01,21.52,1010.77,83.13
2026-09-07 16:35:00,AWS-E01,22.49,1011.18,83.06
2026-09-07 16:40:00,AWS-E01,22.26,1011.59,79.33
2026-09-07 16:45:00,AWS-E01,22.04,1010.63,83.14
2026-09-07 16:50:00,AWS-E01,22.57,1011.38,80.53
2026-09-07 16:55:00,AWS-E01,21.64,1010.73,80.59
2026-09-07 17:00:00,AWS-E01,21.77,1011.55,84.82
2026-09-07 17:05:00,AWS-E01,21.55,1010.65,81.05
2026-09-07 17:10:00,AWS-E01,22.14,1010.4,79.74
2026-09-07 17:15:00,AWS-E01,22.52,1010.95,76.73
2026-09-07 17:20:00,AWS-E01,22.58,1010.44,81.83
2026-09-07 17:25:00,AWS-E01,22.68,1010.21,77.43
2026-09-07 17:30:00,AWS-E01,22.22,1010.3,77.64
2026-09-07 17:35:00,AWS-E01,23.08,1010.41,78.33
2026-09-07 17:40:00,AWS-E01,22.97,1010.9,80.64
2026-09-07 17:45:00,AWS-E01,23.23,1009.52,79.35
2026-09-07 17:50:00,AWS-E01,22.4,1010.24,77.62
2026-09-07 17:55:00,AWS-E01,23.27,1010.42,77.98
2026-09-07 18:00:00,AWS-E01,22.84,1010.18,76.27
2026-09-07 18:05:00,AWS-E01,23.21,1010.56,77.04
2026-09-07 18:10:00,AWS-E01,23.63,1009.94,76.58
2026-09-07 18:15:00,AWS-E01,23.58,1009.83,77.56
2026-09-07 18:20:00,AWS-E01,23.35,1010.08,77.2
2026-09-07 18:25:00,AWS-E01,23.75,1009.82,76.12
2026-09-07 18:30:00,AWS-E01,23.31,1009.56,74.46
2026-09-07 18:35:00,AWS-E01,24.36,1009.86,75.73
2026-09-07 18:40:00,AWS-E01,23.99,1009.33,74.1
2026-09-07 18:45:00,AWS-E01,24.56,1009.28,72.22
2026-09-07 18:50:00,AWS-E01,24.09,1009.25,72.85
2026-09-07 18:55:00,AWS-E01,24.2,1009.95,73.18
2026-09-07 19:00:00,AWS-E01,24.23,1008.06,74.02
2026-09-07 19:05:00,AWS-E01,24.91,1009.45,71.97
2026-09-07 19:10:00,AWS-E01,24.47,1009.25,70.03
2026-09-07 19:15:00,AWS-E01,25.06,1008.51,71.51
2026-09-07 19:20:00,AWS-E01,24.81,1009.26,71.18
2026-09-07 19:25:00,AWS-E01,24.37,1009.28,70.88
2026-09-07 19:30:00,AWS-E01,24.98,1009.28,71.56
2026-09-07 19:35:00,AWS-E01,24.88,1007.93,71.28
2026-09-07 19:40:00,AWS-E01,25.42,1009.5,68.44
2026-09-07 19:45:00,AWS-E01,25.11,1008.61,67.98
2026-09-07 19:50:00,AWS-E01,25.97,1009.15,66.91
2026-09-07 19:55:00,AWS-E01,25.73,1009.13,69.09
2026-09-07 20:00:00,AWS-E01,25.82,1008.45,69.78
2026-09-07 20:05:00,AWS-E01,26.23,1009.03,66.7
2026-09-07 20:10:00,AWS-E01,26.46,1008.59,66.38
2026-09-07 20:15:00,AWS-E01,26.23,1007.89,68.51
2026-09-07 20:20:00,AWS-E01,26.09,1009.16,66.63
2026-09-07 20:25:00,AWS-E01,25.86,1008.36,66.09
2026-09-07 20:30:00,AWS-E01,26.36,1008.31,63.21
2026-09-07 20:35:00,AWS-E01,26.5,1008.47,65.58
2026-09-07 20:40:00,AWS-E01,26.88,1008.73,62.73
2026-09-07 20:45:00,AWS-E01,26.84,1008.59,61.99
2026-09-07 20:50:00,AWS-E01,27.32,1008.82,62.74
2026-09-07 20:55:00,AWS-E01,26.98,1008.07,61.94
2026-09-07 21:00:00,AWS-E01,27.3,1008.3,62.06
2026-09-07 21:05:00,AWS-E01,27.85,1008.56,59.8
2026-09-07 21:10:00,AWS-E01,27.67,1009.36,62.97
2026-09-07 21:15:00,AWS-E01,27.65,1008.57,62.79
2026-09-07 21:20:00,AWS-E01,27.58,1009.06,57.75
2026-09-07 21:25:00,AWS-E01,27.69,1008.65,61.71
2026-09-07 21:30:00,AWS-E01,27.73,1008.46,58.61
2026-09-07 21:35:00,AWS-E01,27.95,1008.57,60.69
2026-09-07 21:40:00,AWS-E01,28.52,1008.62,58.88
2026-09-07 21:45:00,AWS-E01,28.29,1008.96,58.61
2026-09-07 21:50:00,AWS-E01,28.01,1009.29,57.88
2026-09-07 21:55:00,AWS-E01,29.21,1008.91,59.57
2026-09-07 22:00:00,AWS-E01,28.82,1009.28,55.49
2026-09-07 22:05:00,AWS-E01,28.32,1008.45,57.86
2026-09-07 22:10:00,AWS-E01,28.77,1008.71,58.2
2026-09-07 22:15:00,AWS-E01,29.07,1008.62,57.23
2026-09-07 22:20:00,AWS-E01,29.74,1009.08,59.25
2026-09-07 22:25:00,AWS-E01,28.86,1008.85,54.59
2026-09-07 22:30:00,AWS-E01,29.69,1009.33,56.44
2026-09-07 22:35:00,AWS-E01,29.94,1008.71,54.47
2026-09-07 22:40:00,AWS-E01,29.34,1009.15,56.1
2026-09-07 22:45:00,AWS-E01,29.56,1009.46,53.88
2026-09-07 22:50:00,AWS-E01,29.39,1008.41,52.95
2026-09-07 22:55:00,AWS-E01,29.78,1010.14,55.13
2026-09-07 23:00:00,AWS-E01,29.94,1009.24,52.09
2026-09-07 23:05:00,AWS-E01,30.27,1008.6,50.36
2026-09-07 23:10:00,AWS-E01,30.52,1009.53,51.37
2026-09-07 23:15:00,AWS-E01,29.96,1009.54,52.74
2026-09-07 23:20:00,AWS-E01,29.63,1009.55,53.58
2026-09-07 23:25:00,AWS-E01,30.4,1010.05,51.34
2026-09-07 23:30:00,AWS-E01,30.59,1010.01,52.84
2026-09-07 23:35:00,AWS-E01,30.66,1009.89,48.52
2026-09-07 23:40:00,AWS-E01,30.54,1010.02,49.59
2026-09-07 23:45:00,AWS-E01,30.78,1009.86,49.53
2026-09-07 23:50:00,AWS-E01,31.34,1010.68,49.51
2026-09-07 23:55:00,AWS-E01,31.02,1009.44,49.53
2026-09-08 00:00:00,AWS-E01,30.83,1010.16,50.17
2026-09-08 00:05:00,AWS-E01,30.86,1010.19,48.2
2026-09-08 00:10:00,AWS-E01,31.05,1010.56,48.83
2026-09-08 00:15:00,AWS-E01,31.75,1009.96,48.3
2026-09-08 00:20:00,AWS-E01,31.17,1009.66,46.74
2026-09-08 00:25:00,AWS-E01,31.3,1010.49,47.73
2026-09-08 00:30:00,AWS-E01,31.19,1010.6,47.46
2026-09-08 00:35:00,AWS-E01,31.81,1011.15,47.22
2026-09-08 00:40:00,AWS-E01,32.16,1010.1,47.31
2026-09-08 00:45:00,AWS-E01,31.69,1011.14,47.18
2026-09-08 00:50:00,AWS-E01,31.61,1011.68,46.23
2026-09-08 00:55:00,AWS-E01,31.65,1010.64,48.6
2026-09-08 01:00:00,AWS-E01,30.85,1010.33,44.77
2026-09-08 01:05:00,AWS-E01,31.99,1010.74,45.28
2026-09-08 01:10:00,AWS-E01,31.82,1010.97,50.38
2026-09-08 01:15:00,AWS-E01,31.96,1011.24,44.5
2026-09-08 01:20:00,AWS-E01,31.6,1010.83,43.9
2026-09-08 01:25:00,AWS-E01,31.75,1011.74,46.9
2026-09-08 01:30:00,AWS-E01,31.77,1010.71,42.57
2026-09-08 01:35:00,AWS-E01,32.3,1010.51,45.22
2026-09-08 01:40:00,AWS-E01,31.84,1011.69,48.69
2026-09-08 01:45:00,AWS-E01,32.72,1010.38,43.07
2026-09-08 01:50:00,AWS-E01,32.17,1011.25,42.33
2026-09-08 01:55:00,AWS-E01,31.59,1012.61,42.98
2026-09-08 02:00:00,AWS-E01,32.01,1011.39,46.52
2026-09-08 02:05:00,AWS-E01,31.84,1010.98,46.81
2026-09-08 02:10:00,AWS-E01,31.31,1011.44,44.31
2026-09-08 02:15:00,AWS-E01,32.65,1011.47,46.07
2026-09-08 02:20:00,AWS-E01,32.34,1011.57,47.1
2026-09-08 02:25:00,AWS-E01,32.29,1011.8,47.69
2026-09-08 02:30:00,AWS-E01,32.16,1011.13,44.63
2026-09-08 02:35:00,AWS-E01,31.61,1012.24,41.55
2026-09-08 02:40:00,AWS-E01,31.93,1011.68,43.79
2026-09-08 02:45:00,AWS-E01,32.38,1011.88,44.4
2026-09-08 02:50:00,AWS-E01,31.71,1011.34,44.69
2026-09-08 02:55:00,AWS-E01,31.18,1012.11,44.84
2026-09-08 03:00:00,AWS-E01,31.97,1011.5,46.85
2026-09-08 03:05:00,AWS-E01,31.99,1011.71,47.14
2026-09-08 03:10:00,AWS-E01,32.06,1011.22,45.05
2026-09-08 03:15:00,AWS-E01,32.25,1011.19,47.03
2026-09-08 03:20:00,AWS-E01,32.19,1011.85,46.01
2026-09-08 03:25:00,AWS-E01,32.03,1011.39,45.67
2026-09-08 03:30:00,AWS-E01,32.33,1011.21,47.04
2026-09-08 03:35:00,AWS-E01,31.35,1011.27,45.91
2026-09-08 03:40:00,AWS-E01,32.02,1011.79,49.01
2026-09-08 03:45:00,AWS-E01,32.03,1011.23,43.9
2026-09-08 03:50:00,AWS-E01,31.33,1011.41,45.43
2026-09-08 03:55:00,AWS-E01,31.2,1011.44,46.17
2026-09-08 04:00:00,AWS-E01,31.42,1010.63,47.18
2026-09-08 04:05:00,AWS-E01,31.4,1010.78,48.6
2026-09-08 04:10:00,AWS-E01,31.85,1011.46,46.84
2026-09-08 04:15:00,AWS-E01,31.32,1011.0,44.93
2026-09-08 04:20:00,AWS-E01,31.18,1011.67,48.52
2026-09-08 04:25:00,AWS-E01,31.21,1011.59,48.6
2026-09-08 04:30:00,AWS-E01,31.75,1011.45,44.77
2026-09-08 04:35:00,AWS-E01,31.31,1011.84,47.9
2026-09-08 04:40:00,AWS-E01,31.18,1011.03,45.75
2026-09-08 04:45:00,AWS-E01,31.13,1011.27,47.37
2026-09-08 04:50:00,AWS-E01,31.56,1010.73,47.26
2026-09-08 04:55:00,AWS-E01,30.77,1011.89,50.09
2026-09-08 05:00:00,AWS-E01,31.42,1011.64,49.31
2026-09-08 05:05:00,AWS-E01,30.96,1010.8,47.47
2026-09-08 05:10:00,AWS-E01,30.76,1010.89,51.0
2026-09-08 05:15:00,AWS-E01,31.61,1011.22,47.81
2026-09-08 05:20:00,AWS-E01,30.29,1010.55,50.75
2026-09-08 05:25:00,AWS-E01,30.45,1010.29,49.33
2026-09-08 05:30:00,AWS-E01,30.06,1010.84,50.31
2026-09-08 05:35:00,AWS-E01,30.74,1010.46,51.93
2026-09-08 05:40:00,AWS-E01,30.91,1010.43,52.27
2026-09-08 05:45:00,AWS-E01,30.81,1009.96,53.82
2026-09-08 05:50:00,AWS-E01,30.56,1009.54,52.02
2026-09-08 05:55:00,AWS-E01,29.97,1010.26,52.94
2026-09-08 06:00:00,AWS-E01,29.82,1010.46,52.17
2026-09-08 06:05:00,AWS-E01,29.27,1009.94,53.45
2026-09-08 06:10:00,AWS-E01,30.47,1010.54,54.19
2026-09-08 06:15:00,AWS-E01,29.82,1009.62,53.74
2026-09-08 06:20:00,AWS-E01,29.38,1009.42,51.55
2026-09-08 06:25:00,AWS-E01,29.92,1009.75,55.12
2026-09-08 06:30:00,AWS-E01,29.01,1009.68,55.55
2026-09-08 06:35:00,AWS-E01,29.39,1009.96,54.36
2026-09-08 06:40:00,AWS-E01,29.08,1009.28,53.84
2026-09-08 06:45:00,AWS-E01,29.26,1010.07,58.37
2026-09-08 06:50:00,AWS-E01,28.9,1010.25,57.28
2026-09-08 06:55:00,AWS-E01,28.31,1009.39,56.6
2026-09-08 07:00:00,AWS-E01,28.73,1009.85,55.64
2026-09-08 07:05:00,AWS-E01,28.96,1008.87,56.52
2026-09-08 07:10:00,AWS-E01,28.47,1009.67,60.11
2026-09-08 07:15:00,AWS-E01,28.64,1009.61,58.78
2026-09-08 07:20:00,AWS-E01,27.89,1009.48,58.16
2026-09-08 07:25:00,AWS-E01,28.13,1009.08,60.17
2026-09-08 07:30:00,AWS-E01,27.8,1007.86,58.6
2026-09-08 07:35:00,AWS-E01,28.17,1008.74,62.5
2026-09-08 07:40:00,AWS-E01,27.8,1008.7,62.7
2026-09-08 07:45:00,AWS-E01,27.91,1008.52,60.4
2026-09-08 07:50:00,AWS-E01,27.94,1008.92,60.58
2026-09-08 07:55:00,AWS-E01,27.68,1008.67,58.03
2026-09-08 08:00:00,AWS-E01,27.41,1008.47,60.17
2026-09-08 08:05:00,AWS-E01,26.85,1008.35,60.81
2026-09-08 08:10:00,AWS-E01,27.08,1008.45,63.46
2026-09-08 08:15:00,AWS-E01,26.77,1009.16,63.2
2026-09-08 08:20:00,AWS-E01,26.72,1008.43,62.11
2026-09-08 08:25:00,AWS-E01,26.59,1008.46,64.14
2026-09-08 08:30:00,AWS-E01,26.26,1008.47,65.76
2026-09-08 08:35:00,AWS-E01,25.79,1008.77,66.23
2026-09-08 08:40:00,AWS-E01,26.13,1008.81,63.02
2026-09-08 08:45:00,AWS-E01,26.31,1007.39,66.12
2026-09-08 08:50:00,AWS-E01,25.65,1009.01,64.67
2026-09-08 08:55:00,AWS-E01,26.01,1009.18,68.53
2026-09-08 09:00:00,AWS-E01,26.55,1008.18,68.79
2026-09-08 09:05:00,AWS-E01,26.12,1008.21,66.7
2026-09-08 09:10:00,AWS-E01,26.22,1008.43,67.32
2026-09-08 09:15:00,AWS-E01,25.66,1008.31,68.21
2026-09-08 09:20:00,AWS-E01,25.82,1008.71,65.95
2026-09-08 09:25:00,AWS-E01,25.04,1007.86,70.26
2026-09-08 09:30:00,AWS-E01,24.95,1008.2,69.77
2026-09-08 09:35:00,AWS-E01,24.1,1009.29,72.05
2026-09-08 09:40:00,AWS-E01,25.36,1008.32,69.37
2026-09-08 09:45:00,AWS-E01,25.37,1009.21,70.5
2026-09-08 09:50:00,AWS-E01,24.53,1008.88,69.58
2026-09-08 09:55:00,AWS-E01,24.52,1008.05,70.74
2026-09-08 10:00:00,AWS-E01,24.23,1009.06,70.88
2026-09-08 10:05:00,AWS-E01,24.52,1008.79,74.55
2026-09-08 10:10:00,AWS-E01,24.67,1008.69,72.4
2026-09-08 10:15:00,AWS-E01,23.56,1009.01,74.03
2026-09-08 10:20:00,AWS-E01,24.2,1009.14,73.66
2026-09-08 10:25:00,AWS-E01,23.86,1009.28,72.72
2026-09-08 10:30:00,AWS-E01,23.89,1009.51,74.75
2026-09-08 10:35:00,AWS-E01,23.91,1009.25,76.27
2026-09-08 10:40:00,AWS-E01,23.58,1008.59,73.93
2026-09-08 10:45:00,AWS-E01,23.51,1009.0,77.33
2026-09-08 10:50:00,AWS-E01,23.37,1010.42,75.2
2026-09-08 10:55:00,AWS-E01,23.69,1009.58,76.1
2026-09-08 11:00:00,AWS-E01,23.4,1010.3,77.97
2026-09-08 11:05:00,AWS-E01,23.23,1009.97,76.52
2026-09-08 11:10:00,AWS-E01,22.62,1009.56,77.91
2026-09-08 11:15:00,AWS-E01,22.84,1009.65,77.71
2026-09-08 11:20:00,AWS-E01,23.2,1009.57,78.71
2026-09-08 11:25:00,AWS-E01,22.81,1008.95,75.26
2026-09-08 11:30:00,AWS-E01,22.94,1009.72,76.4
2026-09-08 11:35:00,AWS-E01,23.25,1010.26,80.37
2026-09-08 11:40:00,AWS-E01,22.91,1009.6,81.3
2026-09-08 11:45:00,AWS-E01,22.5,1010.07,78.67
2026-09-08 11:50:00,AWS-E01,22.21,1010.31,79.95
2026-09-08 11:55:00,AWS-E01,21.42,1009.67,81.04
2026-09-08 12:00:00,AWS-E01,22.18,1009.92,81.91
2026-09-08 12:05:00,AWS-E01,22.05,1009.76,78.09
2026-09-08 12:10:00,AWS-E01,22.23,1009.9,80.05
2026-09-08 12:15:00,AWS-E01,21.97,1009.78,81.13
2026-09-08 12:20:00,AWS-E01,21.85,1010.0,82.92
2026-09-08 12:25:00,AWS-E01,21.28,1010.99,85.85
2026-09-08 12:30:00,AWS-E01,21.51,1010.12,81.98
2026-09-08 12:35:00,AWS-E01,21.94,1010.6,80.42
2026-09-08 12:40:00,AWS-E01,22.32,1010.41,83.34
2026-09-08 12:45:00,AWS-E01,21.63,1011.15,84.92
2026-09-08 12:50:00,AWS-E01,21.73,1011.26,83.29
2026-09-08 12:55:00,AWS-E01,21.9,1011.14,81.95
2026-09-08 13:00:00,AWS-E01,21.23,1010.97,84.91
2026-09-08 13:05:00,AWS-E01,21.6,1010.81,84.64
2026-09-08 13:10:00,AWS-E01,21.17,1010.48,82.25
2026-09-08 13:15:00,AWS-E01,21.69,1011.79,84.51
2026-09-08 13:20:00,AWS-E01,21.41,1010.76,85.57
2026-09-08 13:25:00,AWS-E01,21.42,1011.38,85.97
2026-09-08 13:30:00,AWS-E01,21.01,1011.58,84.22
2026-09-08 13:35:00,AWS-E01,21.51,1010.98,83.89
2026-09-08 13:40:00,AWS-E01,21.96,1011.66,86.37
2026-09-08 13:45:00,AWS-E01,20.85,1011.6,82.8
2026-09-08 13:50:00,AWS-E01,21.06,1012.02,85.35
2026-09-08 13:55:00,AWS-E01,21.25,1011.18,82.71
2026-09-08 14:00:00,AWS-E01,21.42,1010.88,86.43
2026-09-08 14:05:00,AWS-E01,20.94,1011.23,84.49
2026-09-08 14:10:00,AWS-E01,20.13,1011.54,86.83
2026-09-08 14:15:00,AWS-E01,21.59,1011.51,85.69
2026-09-08 14:20:00,AWS-E01,21.37,1011.35,83.15
2026-09-08 14:25:00,AWS-E01,20.49,1010.77,87.13
2026-09-08 14:30:00,AWS-E01,20.89,1011.74,87.33
2026-09-08 14:35:00,AWS-E01,21.65,1012.35,86.32
2026-09-08 14:40:00,AWS-E01,21.61,1011.76,83.84
2026-09-08 14:45:00,AWS-E01,21.44,1011.83,84.5
2026-09-08 14:50:00,AWS-E01,21.06,1011.82,85.14
2026-09-08 14:55:00,AWS-E01,21.16,1011.76,83.83
2026-09-08 15:00:00,AWS-E01,21.1,1011.97,87.37
2026-09-08 15:05:00,AWS-E01,21.56,1011.76,84.98
2026-09-08 15:10:00,AWS-E01,20.88,1011.47,80.64
2026-09-08 15:15:00,AWS-E01,20.92,1011.27,85.12
2026-09-08 15:20:00,AWS-E01,21.58,1011.48,84.0
2026-09-08 15:25:00,AWS-E01,21.24,1011.69,84.31
2026-09-08 15:30:00,AWS-E01,21.77,1011.42,83.77
2026-09-08 15:35:00,AWS-E01,21.08,1011.66,85.41
2026-09-08 15:40:00,AWS-E01,21.34,1011.69,85.75
2026-09-08 15:45:00,AWS-E01,21.07,1011.82,84.36
2026-09-08 15:50:00,AWS-E01,21.43,1011.97,83.28
2026-09-08 15:55:00,AWS-E01,20.96,1011.46,83.58
2026-09-08 16:00:00,AWS-E01,21.35,1010.88,83.51
2026-09-08 16:05:00,AWS-E01,21.06,1011.23,82.1
2026-09-08 16:10:00,AWS-E01,21.86,1011.35,83.99
2026-09-08 16:15:00,AWS-E01,21.92,1010.56,83.63
2026-09-08 16:20:00,AWS-E01,21.12,1011.8,85.05
2026-09-08 16:25:00,AWS-E01,22.24,1011.26,84.42
2026-09-08 16:30:00,AWS-E01,22.71,1011.31,81.29
2026-09-08 16:35:00,AWS-E01,21.91,1011.66,83.33
2026-09-08 16:40:00,AWS-E01,21.74,1010.81,80.44
2026-09-08 16:45:00,AWS-E01,23.02,1011.24,82.67
2026-09-08 16:50:00,AWS-E01,21.63,1010.92,80.61
2026-09-08 16:55:00,AWS-E01,22.17,1010.83,79.59
2026-09-08 17:00:00,AWS-E01,22.3,1010.54,81.29
2026-09-08 17:05:00,AWS-E01,22.78,1011.46,76.59
2026-09-08 17:10:00,AWS-E01,22.51,1010.58,77.69
2026-09-08 17:15:00,AWS-E01,22.29,1010.95,79.77
2026-09-08 17:20:00,AWS-E01,22.21,1009.86,79.87
2026-09-08 17:25:00,AWS-E01,22.51,1011.02,78.89
2026-09-08 17:30:00,AWS-E01,22.36,1010.91,76.77
2026-09-08 17:35:00,AWS-E01,22.81,1010.46,77.6
2026-09-08 17:40:00,AWS-E01,22.69,1010.27,79.1
2026-09-08 17:45:00,AWS-E01,22.45,1010.46,79.06
2026-09-08 17:50:00,AWS-E01,23.5,1011.15,77.83
2026-09-08 17:55:00,AWS-E01,22.98,1009.46,79.25
2026-09-08 18:00:00,AWS-E01,22.81,1010.41,77.77
2026-09-08 18:05:00,AWS-E01,23.29,1009.67,75.71
2026-09-08 18:10:00,AWS-E01,23.47,1009.96,76.05
2026-09-08 18:15:00,AWS-E01,22.93,1009.81,74.01
2026-09-08 18:20:00,AWS-E01,23.76,1009.67,75.58
2026-09-08 18:25:00,AWS-E01,23.38,1009.77,77.04
2026-09-08 18:30:00,AWS-E01,24.45,1009.26,76.03
2026-09-08 18:35:00,AWS-E01,24.14,1010.06,76.72
2026-09-08 18:40:00,AWS-E01,23.92,1008.87,73.78
2026-09-08 18:45:00,AWS-E01,23.91,1009.74,75.86
2026-09-08 18:50:00,AWS-E01,24.24,1009.34,73.16
2026-09-08 18:55:00,AWS-E01,24.6,1008.94,75.26
2026-09-08 19:00:00,AWS-E01,24.49,1009.43,72.62
2026-09-08 19:05:00,AWS-E01,24.53,1008.67,73.31
2026-09-08 19:10:00,AWS-E01,24.74,1009.26,74.05
2026-09-08 19:15:00,AWS-E01,24.62,1008.62,71.14
2026-09-08 19:20:00,AWS-E01,24.83,1009.32,71.34
2026-09-08 19:25:00,AWS-E01,24.33,1008.72,72.53
2026-09-08 19:30:00,AWS-E01,25.52,1008.86,69.98
2026-09-08 19:35:00,AWS-E01,25.4,1009.11,67.77
2026-09-08 19:40:00,AWS-E01,25.14,1008.64,72.54
2026-09-08 19:45:00,AWS-E01,26.19,1008.89,68.2
2026-09-08 19:50:00,AWS-E01,25.68,1008.27,68.71
2026-09-08 19:55:00,AWS-E01,25.4,1009.09,69.78
2026-09-08 20:00:00,AWS-E01,26.18,1009.51,66.7
2026-09-08 20:05:00,AWS-E01,26.14,1009.89,65.67
2026-09-08 20:10:00,AWS-E01,26.26,1008.78,67.12
2026-09-08 20:15:00,AWS-E01,26.09,1009.03,63.62
2026-09-08 20:20:00,AWS-E01,26.52,1007.98,65.44
2026-09-08 20:25:00,AWS-E01,26.39,1009.27,65.8
2026-09-08 20:30:00,AWS-E01,26.79,1008.96,64.6
2026-09-08 20:35:00,AWS-E01,26.05,1008.44,62.25
2026-09-08 20:40:00,AWS-E01,26.69,1009.12,66.52
2026-09-08 20:45:00,AWS-E01,27.56,1008.51,63.85
2026-09-08 20:50:00,AWS-E01,26.81,1008.42,65.4
2026-09-08 20:55:00,AWS-E01,26.99,1008.79,62.43
2026-09-08 21:00:00,AWS-E01,27.16,1008.17,61.07
2026-09-08 21:05:00,AWS-E01,27.01,1009.01,62.36
2026-09-08 21:10:00,AWS-E01,26.78,1008.18,61.2
2026-09-08 21:15:00,AWS-E01,27.59,1008.19,59.33
2026-09-08 21:20:00,AWS-E01,27.84,1008.26,62.88
2026-09-08 21:25:00,AWS-E01,27.89,1008.94,59.31
2026-09-08 21:30:00,AWS-E01,27.97,1008.4,57.06
2026-09-08 21:35:00,AWS-E01,28.15,1008.13,61.4
2026-09-08 21:40:00,AWS-E01,28.61,1008.45,58.23
2026-09-08 21:45:00,AWS-E01,28.3,1008.7,57.66
2026-09-08 21:50:00,AWS-E01,28.28,1008.27,55.51
2026-09-08 21:55:00,AWS-E01,28.5,1008.31,60.36
2026-09-08 22:00:00,AWS-E01,28.91,1009.65,55.41
2026-09-08 22:05:00,AWS-E01,29.31,1008.49,57.03
2026-09-08 22:10:00,AWS-E01,28.7,1008.74,57.92
2026-09-08 22:15:00,AWS-E01,29.07,1008.76,56.79
2026-09-08 22:20:00,AWS-E01,29.26,1008.78,55.68
2026-09-08 22:25:00,AWS-E01,28.9,1009.24,52.83
2026-09-08 22:30:00,AWS-E01,29.36,1009.42,53.79
2026-09-08 22:35:00,AWS-E01,28.94,1008.96,54.91
2026-09-08 22:40:00,AWS-E01,28.94,1008.64,53.07
2026-09-08 22:45:00,AWS-E01,29.78,1009.7,54.19
2026-09-08 22:50:00,AWS-E01,29.62,1009.2,54.55
2026-09-08 22:55:00,AWS-E01,29.92,1009.99,54.62
2026-09-08 23:00:00,AWS-E01,29.94,1008.45,50.99
2026-09-08 23:05:00,AWS-E01,29.7,1009.49,55.78
2026-09-08 23:10:00,AWS-E01,30.12,1010.23,53.3
2026-09-08 23:15:00,AWS-E01,29.79,1009.38,51.81
2026-09-08 23:20:00,AWS-E01,30.8,1009.5,53.12
2026-09-08 23:25:00,AWS-E01,29.93,1009.77,54.72
2026-09-08 23:30:00,AWS-E01,30.42,1009.49,48.7
2026-09-08 23:35:00,AWS-E01,30.21,1009.65,50.21
2026-09-08 23:40:00,AWS-E01,30.85,1009.7,46.69
2026-09-08 23:45:00,AWS-E01,30.62,1009.65,50.25
2026-09-08 23:50:00,AWS-E01,30.63,1010.46,50.23
2026-09-08 23:55:00,AWS-E01,31.19,1010.22,49.34
2026-09-09 00:00:00,AWS-E01,30.97,1010.2,48.15
2026-09-09 00:05:00,AWS-E01,31.22,1010.49,45.8
2026-09-09 00:10:00,AWS-E01,30.76,1010.12,49.18
2026-09-09 00:15:00,AWS-E01,30.68,1009.99,50.55
2026-09-09 00:20:00,AWS-E01,31.28,1010.12,47.25
2026-09-09 00:25:00,AWS-E01,31.19,1010.43,48.56
2026-09-09 00:30:00,AWS-E01,31.58,1010.06,45.33
2026-09-09 00:35:00,AWS-E01,31.39,1010.35,48.15
2026-09-09 00:40:00,AWS-E01,31.55,1010.41,46.67
2026-09-09 00:45:00,AWS-E01,30.96,1011.52,45.92
2026-09-09 00:50:00,AWS-E01,32.25,1009.62,45.73
2026-09-09 00:55:00,AWS-E01,31.58,1010.72,46.1
2026-09-09 01:00:00,AWS-E01,31.93,1011.54,47.1
2026-09-09 01:05:00,AWS-E01,31.43,1010.95,44.39
2026-09-09 01:10:00,AWS-E01,31.88,1011.26,45.61
2026-09-09 01:15:00,AWS-E01,31.35,1011.05,46.0
2026-09-09 01:20:00,AWS-E01,32.0,1010.8,44.28
2026-09-09 01:25:00,AWS-E01,31.76,1010.22,48.49
2026-09-09 01:30:00,AWS-E01,31.92,1011.24,44.4
2026-09-09 01:35:00,AWS-E01,32.19,1010.9,44.57
2026-09-09 01:40:00,AWS-E01,31.54,1010.93,44.01
2026-09-09 01:45:00,AWS-E01,31.75,1011.09,48.08
2026-09-09 01:50:00,AWS-E01,32.18,1012.03,46.13
2026-09-09 01:55:00,AWS-E01,32.77,1012.33,43.83
2026-09-09 02:00:00,AWS-E01,32.0,1011.49,46.83
2026-09-09 02:05:00,AWS-E01,32.27,1011.24,45.42
2026-09-09 02:10:00,AWS-E01,32.04,1010.99,45.46
2026-09-09 02:15:00,AWS-E01,32.77,1011.67,44.53
2026-09-09 02:20:00,AWS-E01,31.48,1012.22,43.89
2026-09-09 02:25:00,AWS-E01,32.13,1011.43,45.51
2026-09-09 02:30:00,AWS-E01,31.53,1010.6,44.18
2026-09-09 02:35:00,AWS-E01,31.22,1011.83,47.73
2026-09-09 02:40:00,AWS-E01,32.2,1011.97,43.12
2026-09-09 02:45:00,AWS-E01,32.14,1010.95,47.35
2026-09-09 02:50:00,AWS-E01,31.98,1011.66,44.91
2026-09-09 02:55:00,AWS-E01,32.03,1011.78,45.57
2026-09-09 03:00:00,AWS-E01,33.14,1011.57,46.42
2026-09-09 03:05:00,AWS-E01,31.95,1011.28,44.29
2026-09-09 03:10:00,AWS-E01,32.19,1012.0,46.6
2026-09-09 03:15:00,AWS-E01,31.77,1011.43,41.32
2026-09-09 03:20:00,AWS-E01,32.07,1010.98,44.39
2026-09-09 03:25:00,AWS-E01,31.86,1010.74,44.19
2026-09-09 03:30:00,AWS-E01,31.77,1012.05,43.8
2026-09-09 03:35:00,AWS-E01,32.52,1011.78,45.48
2026-09-09 03:40:00,AWS-E01,32.26,1011.54,46.5
2026-09-09 03:45:00,AWS-E01,31.86,1011.31,47.12
2026-09-09 03:50:00,AWS-E01,30.96,1011.25,46.57
2026-09-09 03:55:00,AWS-E01,31.6,1011.0,45.36
2026-09-09 04:00:00,AWS-E01,32.63,1011.23,47.08
2026-09-09 04:05:00,AWS-E01,31.55,1010.52,46.88
2026-09-09 04:10:00,AWS-E01,31.97,1011.03,48.28
2026-09-09 04:15:00,AWS-E01,32.04,1011.17,48.23
2026-09-09 04:20:00,AWS-E01,31.56,1011.49,47.31
2026-09-09 04:25:00,AWS-E01,31.13,1011.19,46.12
2026-09-09 04:30:00,AWS-E01,30.51,1011.48,46.7
2026-09-09 04:35:00,AWS-E01,31.54,1011.65,47.08
2026-09-09 04:40:00,AWS-E01,30.95,1011.49,47.66
2026-09-09 04:45:00,AWS-E01,31.23,1011.2,48.77
2026-09-09 04:50:00,AWS-E01,30.67,1010.97,49.69
2026-09-09 04:55:00,AWS-E01,30.94,1010.51,48.79
2026-09-09 05:00:00,AWS-E01,30.98,1011.15,49.16
2026-09-09 05:05:00,AWS-E01,30.98,1011.46,49.62
2026-09-09 05:10:00,AWS-E01,30.42,1010.87,48.91
2026-09-09 05:15:00,AWS-E01,31.15,1011.44,48.58
2026-09-09 05:20:00,AWS-E01,30.45,1010.0,47.62
2026-09-09 05:25:00,AWS-E01,29.99,1010.09,49.51
2026-09-09 05:30:00,AWS-E01,30.45,1010.83,51.57
2026-09-09 05:35:00,AWS-E01,30.42,1010.53,50.12
2026-09-09 05:40:00,AWS-E01,30.37,1010.89,51.13
2026-09-09 05:45:00,AWS-E01,30.7,1010.29,52.51
2026-09-09 05:50:00,AWS-E01,30.05,1009.88,52.93
2026-09-09 05:55:00,AWS-E01,30.0,1010.08,50.86
2026-09-09 06:00:00,AWS-E01,29.56,1009.49,54.32
2026-09-09 06:05:00,AWS-E01,30.14,1009.58,54.86
2026-09-09 06:10:00,AWS-E01,29.82,1010.36,51.83
2026-09-09 06:15:00,AWS-E01,29.51,1010.25,52.65
2026-09-09 06:20:00,AWS-E01,28.89,1009.98,56.04
2026-09-09 06:25:00,AWS-E01,29.96,1009.09,54.4
2026-09-09 06:30:00,AWS-E01,28.92,1009.57,51.67
2026-09-09 06:35:00,AWS-E01,29.04,1009.16,53.28
2026-09-09 06:40:00,AWS-E01,29.27,1010.06,55.39
2026-09-09 06:45:00,AWS-E01,28.61,1009.29,54.41
2026-09-09 06:50:00,AWS-E01,28.4,1009.03,55.93
2026-09-09 06:55:00,AWS-E01,28.07,1009.42,56.99
2026-09-09 07:00:00,AWS-E01,28.96,1009.09,59.54
2026-09-09 07:05:00,AWS-E01,28.4,1009.89,57.32
2026-09-09 07:10:00,AWS-E01,29.51,1008.95,59.77
2026-09-09 07:15:00,AWS-E01,28.02,1008.63,60.71
2026-09-09 07:20:00,AWS-E01,27.93,1008.27,61.14
2026-09-09 07:25:00,AWS-E01,27.94,1009.07,59.83
2026-09-09 07:30:00,AWS-E01,28.11,1008.81,56.88
2026-09-09 07:35:00,AWS-E01,27.74,1008.42,60.94
2026-09-09 07:40:00,AWS-E01,28.0,1009.43,62.24
2026-09-09 07:45:00,AWS-E01,27.33,1009.18,60.98
2026-09-09 07:50:00,AWS-E01,27.07,1008.86,64.14
2026-09-09 07:55:00,AWS-E01,26.81,1009.38,63.25
2026-09-09 08:00:00,AWS-E01,26.54,1009.07,63.24
2026-09-09 08:05:00,AWS-E01,27.02,1008.44,64.45
2026-09-09 08:10:00,AWS-E01,26.97,1008.32,63.76
2026-09-09 08:15:00,AWS-E01,26.74,1009.04,59.95
2026-09-09 08:20:00,AWS-E01,27.28,1008.85,63.38
2026-09-09 08:25:00,AWS-E01,27.15,1008.74,66.36
2026-09-09 08:30:00,AWS-E01,26.48,1008.31,63.79
2026-09-09 08:35:00,AWS-E01,25.85,1008.88,65.1
2026-09-09 08:40:00,AWS-E01,26.16,1008.32,64.31
2026-09-09 08:45:00,AWS-E01,26.03,1008.57,68.98
2026-09-09 08:50:00,AWS-E01,25.89,1009.18,69.27
2026-09-09 08:55:00,AWS-E01,25.76,1008.34,65.85
2026-09-09 09:00:00,AWS-E01,25.65,1007.97,67.83
2026-09-09 09:05:00,AWS-E01,25.63,1008.18,67.02
2026-09-09 09:10:00,AWS-E01,25.42,1009.0,69.4
2026-09-09 09:15:00,AWS-E01,25.6,1008.71,69.67
2026-09-09 09:20:00,AWS-E01,25.54,1008.57,70.55
2026-09-09 09:25:00,AWS-E01,24.97,1008.43,70.25
2026-09-09 09:30:00,AWS-E01,25.62,1008.85,74.58
2026-09-09 09:35:00,AWS-E01,24.72,1008.33,69.05
2026-09-09 09:40:00,AWS-E01,24.38,1008.81,68.45
2026-09-09 09:45:00,AWS-E01,24.97,1008.42,70.84
2026-09-09 09:50:00,AWS-E01,24.43,1008.38,69.49
2026-09-09 09:55:00,AWS-E01,24.72,1008.51,70.01
2026-09-09 10:00:00,AWS-E01,23.65,1008.65,71.15
2026-09-09 10:05:00,AWS-E01,24.87,1008.82,71.67
2026-09-09 10:10:00,AWS-E01,24.51,1008.97,72.02
2026-09-09 10:15:00,AWS-E01,23.64,1007.43,74.62
2026-09-09 10:20:00,AWS-E01,23.54,1008.63,73.48
2026-09-09 10:25:00,AWS-E01,23.76354286469244,1007.80472381959,78.2322856765378
2026-09-09 10:30:00,AWS-E01,22.09,1007.64,83.84
2026-09-09 10:35:00,AWS-E01,21.32867965644036,1005.8215728752538,84.83660171779822
2026-09-09 10:40:00,AWS-E01,20.251923788646685,1005.7358983848624,88.34038105676657
2026-09-09 10:45:00,AWS-E01,20.5222225211328,1005.9162966948436,91.148887394336
2026-09-09 10:50:00,AWS-E01,20.37,1004.71,88.56
2026-09-09 10:55:00,AWS-E01,20.7022225211328,1005.5862966948438,87.73888739433602
2026-09-09 11:00:00,AWS-E01,20.16192378864669,1005.5658983848622,90.68038105676658
2026-09-09 11:05:00,AWS-E01,20.50867965644036,1006.3815728752538,88.86660171779822
2026-09-09 11:10:00,AWS-E01,21.72,1007.14,88.45
2026-09-09 11:15:00,AWS-E01,22.553542864692435,1008.19472381959,82.30228567653782
2026-09-09 11:20:00,AWS-E01,22.33,1010.68,79.74
2026-09-09 11:25:00,AWS-E01,23.18,1009.99,78.54
2026-09-09 11:30:00,AWS-E01,22.72,1010.15,79.59
2026-09-09 11:35:00,AWS-E01,23.01,1009.97,81.95
2026-09-09 11:40:00,AWS-E01,22.52,1009.2,76.56
2026-09-09 11:45:00,AWS-E01,21.58,1010.06,80.66
2026-09-09 11:50:00,AWS-E01,22.33,1010.4,83.52
2026-09-09 11:55:00,AWS-E01,22.68,1009.69,81.02
2026-09-09 12:00:00,AWS-E01,21.92,1010.49,83.34
2026-09-09 12:05:00,AWS-E01,22.03,1010.45,80.19
2026-09-09 12:10:00,AWS-E01,22.03,1010.97,81.33
2026-09-09 12:15:00,AWS-E01,21.01,1010.13,81.68
2026-09-09 12:20:00,AWS-E01,22.55,1009.92,78.54
2026-09-09 12:25:00,AWS-E01,21.58,1010.28,80.35
2026-09-09 12:30:00,AWS-E01,22.01,1011.06,80.68
2026-09-09 12:35:00,AWS-E01,21.75,1009.82,83.77
2026-09-09 12:40:00,AWS-E01,22.16,1009.79,84.05
2026-09-09 12:45:00,AWS-E01,21.81,1010.71,83.42
2026-09-09 12:50:00,AWS-E01,21.53,1010.56,84.36
2026-09-09 12:55:00,AWS-E01,21.25,1010.8,83.06
2026-09-09 13:00:00,AWS-E01,21.8,1011.23,85.28
2026-09-09 13:05:00,AWS-E01,20.82,1010.68,83.65
2026-09-09 13:10:00,AWS-E01,21.66,1010.21,83.88
2026-09-09 13:15:00,AWS-E01,21.01,1011.83,83.54
2026-09-09 13:20:00,AWS-E01,21.79,1010.67,85.1
2026-09-09 13:25:00,AWS-E01,21.38,1010.69,83.57
2026-09-09 13:30:00,AWS-E01,21.51,1011.6,85.78
2026-09-09 13:35:00,AWS-E01,21.29,1011.05,82.73
2026-09-09 13:40:00,AWS-E01,20.62,1011.22,82.88
2026-09-09 13:45:00,AWS-E01,20.9,1011.48,85.65
2026-09-09 13:50:00,AWS-E01,21.42,1011.76,84.56
2026-09-09 13:55:00,AWS-E01,21.22,1011.23,84.09
2026-09-09 14:00:00,AWS-E01,21.56,1012.01,86.16
2026-09-09 14:05:00,AWS-E01,21.27,1010.58,83.97
2026-09-09 14:10:00,AWS-E01,20.78,1011.76,84.62
2026-09-09 14:15:00,AWS-E01,20.83,1011.15,87.06
2026-09-09 14:20:00,AWS-E01,21.14,1012.06,87.29
2026-09-09 14:25:00,AWS-E01,20.29,1011.59,87.35
2026-09-09 14:30:00,AWS-E01,21.69,1011.28,84.58
2026-09-09 14:35:00,AWS-E01,21.26,1011.83,86.84
2026-09-09 14:40:00,AWS-E01,21.53,1011.93,83.56
2026-09-09 14:45:00,AWS-E01,20.56,1011.84,83.6
2026-09-09 14:50:00,AWS-E01,21.56,1011.18,81.4
2026-09-09 14:55:00,AWS-E01,21.91,1011.4,87.39
2026-09-09 15:00:00,AWS-E01,20.68,1011.6,83.53
2026-09-09 15:05:00,AWS-E01,21.43,1011.58,84.58
2026-09-09 15:10:00,AWS-E01,21.18,1011.89,83.33
2026-09-09 15:15:00,AWS-E01,20.67,1010.78,85.66
2026-09-09 15:20:00,AWS-E01,21.4,1011.71,83.96
2026-09-09 15:25:00,AWS-E01,21.55,1011.45,82.47
2026-09-09 15:30:00,AWS-E01,21.08,1011.21,84.98
2026-09-09 15:35:00,AWS-E01,21.73,1011.23,82.05
2026-09-09 15:40:00,AWS-E01,20.77,1011.42,82.82
2026-09-09 15:45:00,AWS-E01,20.87,1010.05,80.78
2026-09-09 15:50:00,AWS-E01,21.48,1011.18,81.66
2026-09-09 15:55:00,AWS-E01,21.48,1011.08,83.91
2026-09-09 16:00:00,AWS-E01,21.27,1011.61,80.53
2026-09-09 16:05:00,AWS-E01,21.85,1011.04,81.08
2026-09-09 16:10:00,AWS-E01,21.8,1011.24,83.12
2026-09-09 16:15:00,AWS-E01,21.97,1011.91,82.12
2026-09-09 16:20:00,AWS-E01,21.68,1011.65,85.73
2026-09-09 16:25:00,AWS-E01,21.99,1011.57,85.29
2026-09-09 16:30:00,AWS-E01,21.68,1010.96,81.02
2026-09-09 16:35:00,AWS-E01,22.62,1011.33,82.93
2026-09-09 16:40:00,AWS-E01,21.68,1010.97,82.99
2026-09-09 16:45:00,AWS-E01,22.76,1010.93,80.73
2026-09-09 16:50:00,AWS-E01,22.11,1011.12,79.14
2026-09-09 16:55:00,AWS-E01,21.68,1010.67,81.11
2026-09-09 17:00:00,AWS-E01,22.72,1011.45,80.61
2026-09-09 17:05:00,AWS-E01,22.35,1010.73,79.94
2026-09-09 17:10:00,AWS-E01,22.68,1010.98,80.98
2026-09-09 17:15:00,AWS-E01,22.89,1011.26,78.91
2026-09-09 17:20:00,AWS-E01,22.66,1011.03,78.02
2026-09-09 17:25:00,AWS-E01,22.42,1009.99,79.61
2026-09-09 17:30:00,AWS-E01,23.05,1010.67,79.72
2026-09-09 17:35:00,AWS-E01,22.8,1010.76,77.07
2026-09-09 17:40:00,AWS-E01,23.12,1010.72,79.9
2026-09-09 17:45:00,AWS-E01,22.22,1009.85,75.53
2026-09-09 17:50:00,AWS-E01,23.22,1009.97,76.99
2026-09-09 17:55:00,AWS-E01,22.93,1010.56,77.13
2026-09-09 18:00:00,AWS-E01,23.83,1009.8,76.22
2026-09-09 18:05:00,AWS-E01,23.57,1009.91,75.98
2026-09-09 18:10:00,AWS-E01,23.53,1010.6,79.28
2026-09-09 18:15:00,AWS-E01,23.71,1009.89,74.84
2026-09-09 18:20:00,AWS-E01,23.3,1009.55,79.41
2026-09-09 18:25:00,AWS-E01,24.31,1009.42,76.03
2026-09-09 18:30:00,AWS-E01,24.55,1009.84,75.14
2026-09-09 18:35:00,AWS-E01,24.09,1009.12,75.33
2026-09-09 18:40:00,AWS-E01,24.62,1009.49,78.03
2026-09-09 18:45:00,AWS-E01,23.97,1009.66,72.36
2026-09-09 18:50:00,AWS-E01,24.0,1009.99,71.77
2026-09-09 18:55:00,AWS-E01,24.4,1009.67,71.92
2026-09-09 19:00:00,AWS-E01,24.65,1009.06,72.7
2026-09-09 19:05:00,AWS-E01,24.47,1009.77,69.66
2026-09-09 19:10:00,AWS-E01,24.91,1009.12,71.87
2026-09-09 19:15:00,AWS-E01,24.94,1008.69,73.97
2026-09-09 19:20:00,AWS-E01,24.6,1009.07,71.24
2026-09-09 19:25:00,AWS-E01,25.24,1009.66,70.16
2026-09-09 19:30:00,AWS-E01,25.48,1009.11,69.25
2026-09-09 19:35:00,AWS-E01,25.35,1009.0,71.1
2026-09-09 19:40:00,AWS-E01,25.81,1009.61,68.09
2026-09-09 19:45:00,AWS-E01,25.1,1008.34,71.67
2026-09-09 19:50:00,AWS-E01,25.81,1008.36,71.37
2026-09-09 19:55:00,AWS-E01,25.35,1008.19,68.43
2026-09-09 20:00:00,AWS-E01,25.49,1008.95,67.59
2026-09-09 20:05:00,AWS-E01,25.78,1008.84,68.72
2026-09-09 20:10:00,AWS-E01,25.79,1009.36,68.39
2026-09-09 20:15:00,AWS-E01,26.05,1008.81,65.1
2026-09-09 20:20:00,AWS-E01,26.29,1008.53,65.08
2026-09-09 20:25:00,AWS-E01,26.77,1008.67,63.45
2026-09-09 20:30:00,AWS-E01,26.49,1008.7,65.61
2026-09-09 20:35:00,AWS-E01,26.17,1007.97,65.56
2026-09-09 20:40:00,AWS-E01,27.24,1009.71,62.1
2026-09-09 20:45:00,AWS-E01,26.67,1008.82,63.01
2026-09-09 20:50:00,AWS-E01,27.06,1008.69,61.24
2026-09-09 20:55:00,AWS-E01,27.36,1008.85,61.47
2026-09-09 21:00:00,AWS-E01,27.39,1008.88,63.22
2026-09-09 21:05:00,AWS-E01,27.82,1008.55,60.86
2026-09-09 21:10:00,AWS-E01,27.72,1008.35,61.08
2026-09-09 21:15:00,AWS-E01,27.37,1008.85,58.66
2026-09-09 21:20:00,AWS-E01,28.55,1008.78,60.95
2026-09-09 21:25:00,AWS-E01,27.98,1008.31,60.18
2026-09-09 21:30:00,AWS-E01,27.97,1009.22,58.73
2026-09-09 21:35:00,AWS-E01,28.48,1008.79,59.12
2026-09-09 21:40:00,AWS-E01,28.34,1008.98,59.26
2026-09-09 21:45:00,AWS-E01,28.51,1009.27,57.35
2026-09-09 21:50:00,AWS-E01,29.35,1008.75,55.95
2026-09-09 21:55:00,AWS-E01,28.5,1008.9,60.46
2026-09-09 22:00:00,AWS-E01,28.59,1009.12,56.4
2026-09-09 22:05:00,AWS-E01,28.86,1008.54,56.8
2026-09-09 22:10:00,AWS-E01,29.3,1008.89,58.06
2026-09-09 22:15:00,AWS-E01,28.51,1008.96,61.45
2026-09-09 22:20:00,AWS-E01,28.45,1008.57,53.9
2026-09-09 22:25:00,AWS-E01,29.04,1009.92,56.05
2026-09-09 22:30:00,AWS-E01,28.78,1008.48,53.94
2026-09-09 22:35:00,AWS-E01,29.3,1008.57,53.82
2026-09-09 22:40:00,AWS-E01,29.73,1009.66,53.17
2026-09-09 22:45:00,AWS-E01,29.34,1009.47,52.2
2026-09-09 22:50:00,AWS-E01,29.26,1008.83,53.47
2026-09-09 22:55:00,AWS-E01,29.88,1009.54,50.96
2026-09-09 23:00:00,AWS-E01,30.25,1009.94,54.24
2026-09-09 23:05:00,AWS-E01,29.45,1009.4,52.56
2026-09-09 23:10:00,AWS-E01,30.42,1010.51,52.78
2026-09-09 23:15:00,AWS-E01,30.51,1008.84,51.11
2026-09-09 23:20:00,AWS-E01,30.65,1009.86,50.94
2026-09-09 23:25:00,AWS-E01,30.83,1010.12,51.6
2026-09-09 23:30:00,AWS-E01,31.26,1010.07,49.11
2026-09-09 23:35:00,AWS-E01,30.45,1009.69,50.02
2026-09-09 23:40:00,AWS-E01,30.69,1009.72,48.97
2026-09-09 23:45:00,AWS-E01,30.59,1010.08,48.63
2026-09-09 23:50:00,AWS-E01,30.81,1010.3,46.51
2026-09-09 23:55:00,AWS-E01,31.43,1010.28,51.41
2026-09-07 00:00:00,AWS-N01,31.64,1010.65,46.21
2026-09-07 00:05:00,AWS-N01,31.49,1011.3,46.29
2026-09-07 00:10:00,AWS-N01,31.83,1010.54,47.05
2026-09-07 00:15:00,AWS-N01,32.21,1010.56,46.87
2026-09-07 00:20:00,AWS-N01,31.66,1010.75,47.12
2026-09-07 00:25:00,AWS-N01,31.72,1010.7,48.92
2026-09-07 00:30:00,AWS-N01,32.42,1011.21,45.41
2026-09-07 00:35:00,AWS-N01,32.19,1010.3,44.27
2026-09-07 00:40:00,AWS-N01,31.81,1010.59,43.19
2026-09-07 00:45:00,AWS-N01,32.22,1010.65,43.97
2026-09-07 00:50:00,AWS-N01,31.92,1011.51,44.82
2026-09-07 00:55:00,AWS-N01,31.97,1011.88,47.39
2026-09-07 01:00:00,AWS-N01,32.27,1011.21,43.75
2026-09-07 01:05:00,AWS-N01,31.56,1011.24,44.7
2026-09-07 01:10:00,AWS-N01,31.66,1011.39,44.18
2026-09-07 01:15:00,AWS-N01,32.11,1011.88,45.84
2026-09-07 01:20:00,AWS-N01,31.99,1011.09,47.72
2026-09-07 01:25:00,AWS-N01,32.49,1011.61,43.0
2026-09-07 01:30:00,AWS-N01,32.09,1011.95,42.95
2026-09-07 01:35:00,AWS-N01,31.95,1011.81,45.14
2026-09-07 01:40:00,AWS-N01,32.98,1011.72,44.5
2026-09-07 01:45:00,AWS-N01,32.42,1012.09,46.15
2026-09-07 01:50:00,AWS-N01,32.54,1010.65,44.18
2026-09-07 01:55:00,AWS-N01,32.04,1012.04,42.69
2026-09-07 02:00:00,AWS-N01,32.36,1011.54,44.06
2026-09-07 02:05:00,AWS-N01,32.61,1011.1,44.78
2026-09-07 02:10:00,AWS-N01,32.18,1012.06,44.31
2026-09-07 02:15:00,AWS-N01,32.72,1012.44,43.8
2026-09-07 02:20:00,AWS-N01,32.38,1011.85,44.62
2026-09-07 02:25:00,AWS-N01,32.5,1012.31,44.76
2026-09-07 02:30:00,AWS-N01,32.39,1012.59,45.07
2026-09-07 02:35:00,AWS-N01,33.25,1012.49,43.98
2026-09-07 02:40:00,AWS-N01,32.59,1012.63,42.77
2026-09-07 02:45:00,AWS-N01,32.22,1012.28,43.26
2026-09-07 02:50:00,AWS-N01,32.87,1012.02,44.89
2026-09-07 02:55:00,AWS-N01,32.14,1011.36,41.89
2026-09-07 03:00:00,AWS-N01,32.63,1011.9,43.72
2026-09-07 03:05:00,AWS-N01,31.85,1011.66,42.64
2026-09-07 03:10:00,AWS-N01,32.05,1012.86,43.35
2026-09-07 03:15:00,AWS-N01,32.56,1011.92,45.3
2026-09-07 03:20:00,AWS-N01,32.73,1012.03,43.76
2026-09-07 03:25:00,AWS-N01,32.5,1012.19,43.64
2026-09-07 03:30:00,AWS-N01,32.37,1011.97,41.64
2026-09-07 03:35:00,AWS-N01,32.27,1012.61,44.92
2026-09-07 03:40:00,AWS-N01,31.83,1011.66,44.89
2026-09-07 03:45:00,AWS-N01,32.06,1011.96,47.31
2026-09-07 03:50:00,AWS-N01,32.11,1011.56,43.74
2026-09-07 03:55:00,AWS-N01,32.6,1011.3,44.69
2026-09-07 04:00:00,AWS-N01,32.3,1011.55,44.9
2026-09-07 04:05:00,AWS-N01,31.52,1011.75,47.06
2026-09-07 04:10:00,AWS-N01,32.2,1011.56,44.73
2026-09-07 04:15:00,AWS-N01,31.9,1011.41,45.48
2026-09-07 04:20:00,AWS-N01,31.74,1011.09,46.17
2026-09-07 04:25:00,AWS-N01,32.14,1011.57,45.75
2026-09-07 04:30:00,AWS-N01,32.22,1010.96,45.01
2026-09-07 04:35:00,AWS-N01,32.13,1011.82,46.19
2026-09-07 04:40:00,AWS-N01,31.44,1011.5,47.74
2026-09-07 04:45:00,AWS-N01,31.56,1010.83,44.83
2026-09-07 04:50:00,AWS-N01,31.72,1011.24,46.82
2026-09-07 04:55:00,AWS-N01,31.88,1011.01,45.82
2026-09-07 05:00:00,AWS-N01,31.3,1011.38,48.93
2026-09-07 05:05:00,AWS-N01,31.32,1011.73,45.12
2026-09-07 05:10:00,AWS-N01,30.93,1010.38,46.84
2026-09-07 05:15:00,AWS-N01,30.82,1011.12,48.53
2026-09-07 05:20:00,AWS-N01,31.44,1010.95,50.6
2026-09-07 05:25:00,AWS-N01,31.55,1011.22,48.45
2026-09-07 05:30:00,AWS-N01,30.96,1010.97,48.03
2026-09-07 05:35:00,AWS-N01,31.25,1010.52,51.99
2026-09-07 05:40:00,AWS-N01,30.94,1010.63,47.32
2026-09-07 05:45:00,AWS-N01,30.5,1010.38,46.51
2026-09-07 05:50:00,AWS-N01,30.76,1011.06,50.8
2026-09-07 05:55:00,AWS-N01,31.08,1010.57,49.73
2026-09-07 06:00:00,AWS-N01,30.44,1011.26,49.29
2026-09-07 06:05:00,AWS-N01,30.9,1010.41,52.24
2026-09-07 06:10:00,AWS-N01,29.34,1010.09,51.89
2026-09-07 06:15:00,AWS-N01,30.44,1009.7,51.04
2026-09-07 06:20:00,AWS-N01,30.09,1009.52,50.33
2026-09-07 06:25:00,AWS-N01,29.85,1009.54,53.93
2026-09-07 06:30:00,AWS-N01,29.88,1010.22,53.98
2026-09-07 06:35:00,AWS-N01,29.05,1010.25,53.23
2026-09-07 06:40:00,AWS-N01,29.56,1009.35,56.53
2026-09-07 06:45:00,AWS-N01,29.66,1010.28,52.55
2026-09-07 06:50:00,AWS-N01,29.94,1009.67,52.26
2026-09-07 06:55:00,AWS-N01,29.13,1009.87,53.91
2026-09-07 07:00:00,AWS-N01,28.92,1010.39,55.28
2026-09-07 07:05:00,AWS-N01,28.92,1010.05,56.12
2026-09-07 07:10:00,AWS-N01,29.3,1009.53,55.8
2026-09-07 07:15:00,AWS-N01,28.98,1009.23,57.1
2026-09-07 07:20:00,AWS-N01,28.57,1008.68,55.11
2026-09-07 07:25:00,AWS-N01,28.82,1009.2,59.57
2026-09-07 07:30:00,AWS-N01,28.56,1009.35,57.7
2026-09-07 07:35:00,AWS-N01,28.75,1009.0,59.92
2026-09-07 07:40:00,AWS-N01,28.04,1009.3,59.19
2026-09-07 07:45:00,AWS-N01,28.06,1009.34,59.78
2026-09-07 07:50:00,AWS-N01,27.92,1009.18,60.38
2026-09-07 07:55:00,AWS-N01,27.42,1008.97,60.63
2026-09-07 08:00:00,AWS-N01,27.92,1009.27,61.35
2026-09-07 08:05:00,AWS-N01,27.79,1009.35,62.82
2026-09-07 08:10:00,AWS-N01,27.58,1008.7,61.55
2026-09-07 08:15:00,AWS-N01,27.38,1009.68,62.76
2026-09-07 08:20:00,AWS-N01,26.84,1009.05,61.99
2026-09-07 08:25:00,AWS-N01,27.07,1009.08,64.72
2026-09-07 08:30:00,AWS-N01,26.98,1009.33,61.99
2026-09-07 08:35:00,AWS-N01,26.7,1009.13,66.14
2026-09-07 08:40:00,AWS-N01,26.8,1009.4,63.81
2026-09-07 08:45:00,AWS-N01,26.88,1009.13,62.16
2026-09-07 08:50:00,AWS-N01,27.28,1008.76,64.94
2026-09-07 08:55:00,AWS-N01,26.56,1009.15,64.16
2026-09-07 09:00:00,AWS-N01,26.47,1008.54,66.87
2026-09-07 09:05:00,AWS-N01,26.24,1009.04,65.06
2026-09-07 09:10:00,AWS-N01,25.47,1008.99,65.8
2026-09-07 09:15:00,AWS-N01,26.02,1008.93,64.07
2026-09-07 09:20:00,AWS-N01,25.93,1008.97,66.65
2026-09-07 09:25:00,AWS-N01,26.65,1008.28,64.12
2026-09-07 09:30:00,AWS-N01,25.61,1008.83,65.8
2026-09-07 09:35:00,AWS-N01,25.67,1009.11,69.74
2026-09-07 09:40:00,AWS-N01,25.43,1009.15,70.19
2026-09-07 09:45:00,AWS-N01,24.92,1008.7,70.07
2026-09-07 09:50:00,AWS-N01,25.62,1009.65,68.39
2026-09-07 09:55:00,AWS-N01,25.37,1008.82,70.18
2026-09-07 10:00:00,AWS-N01,25.27,1009.59,70.65
2026-09-07 10:05:00,AWS-N01,24.57,1009.41,69.32
2026-09-07 10:10:00,AWS-N01,25.27,1009.01,73.71
2026-09-07 10:15:00,AWS-N01,24.18,1010.02,73.16
2026-09-07 10:20:00,AWS-N01,24.77,1008.87,71.9
2026-09-07 10:25:00,AWS-N01,25.22,1009.76,72.66
2026-09-07 10:30:00,AWS-N01,24.0,1009.84,73.31
2026-09-07 10:35:00,AWS-N01,24.05,1009.22,70.31
2026-09-07 10:40:00,AWS-N01,24.18,1010.09,73.38
2026-09-07 10:45:00,AWS-N01,23.87,1009.49,73.09
2026-09-07 10:50:00,AWS-N01,23.4,1009.76,72.97
2026-09-07 10:55:00,AWS-N01,23.87,1009.8,74.4
2026-09-07 11:00:00,AWS-N01,23.38,1009.7,77.87
2026-09-07 11:05:00,AWS-N01,23.82,1010.13,76.48
2026-09-07 11:10:00,AWS-N01,23.24,1010.18,75.0
2026-09-07 11:15:00,AWS-N01,24.02,1009.23,77.05
2026-09-07 11:20:00,AWS-N01,23.11,1010.51,78.61
2026-09-07 11:25:00,AWS-N01,23.18,1009.38,78.22
2026-09-07 11:30:00,AWS-N01,23.5,1010.52,77.23
2026-09-07 11:35:00,AWS-N01,22.7,1010.63,76.48
2026-09-07 11:40:00,AWS-N01,23.12,1009.8,78.79
2026-09-07 11:45:00,AWS-N01,23.42,1010.14,78.63
2026-09-07 11:50:00,AWS-N01,22.32,1009.93,79.66
2026-09-07 11:55:00,AWS-N01,22.88,1010.35,79.55
2026-09-07 12:00:00,AWS-N01,22.83,1010.38,80.44
2026-09-07 12:05:00,AWS-N01,22.94,1010.88,78.33
2026-09-07 12:10:00,AWS-N01,22.16,1011.15,81.36
2026-09-07 12:15:00,AWS-N01,22.06,1011.25,79.93
2026-09-07 12:20:00,AWS-N01,22.64,1010.54,82.98
2026-09-07 12:25:00,AWS-N01,22.5,1010.74,79.06
2026-09-07 12:50:00,AWS-N01,22.22,1010.64,80.65
2026-09-07 12:55:00,AWS-N01,21.82,1010.96,81.94
2026-09-07 13:00:00,AWS-N01,22.67,1011.24,82.26
2026-09-07 13:05:00,AWS-N01,22.14,1011.42,80.78
2026-09-07 13:10:00,AWS-N01,21.51,1011.04,81.76
2026-09-07 13:15:00,AWS-N01,22.12,1011.58,85.15
2026-09-07 13:20:00,AWS-N01,21.51,1011.27,84.67
2026-09-07 13:25:00,AWS-N01,22.1,1011.51,82.86
2026-09-07 13:30:00,AWS-N01,22.19,1011.78,82.38
2026-09-07 13:35:00,AWS-N01,21.47,1011.61,82.61
2026-09-07 13:40:00,AWS-N01,22.07,1011.47,83.45
2026-09-07 13:45:00,AWS-N01,21.85,1011.65,81.08
2026-09-07 13:50:00,AWS-N01,21.97,1011.69,82.31
2026-09-07 13:55:00,AWS-N01,22.33,1011.62,80.26
2026-09-07 14:00:00,AWS-N01,21.56,1011.7,83.43
2026-09-07 14:05:00,AWS-N01,21.37,1012.47,83.85
2026-09-07 14:10:00,AWS-N01,21.31,1012.08,82.2
2026-09-07 14:15:00,AWS-N01,21.33,1011.77,85.32
2026-09-07 14:20:00,AWS-N01,21.58,1012.19,81.14
2026-09-07 14:25:00,AWS-N01,21.72,1011.8,80.8
2026-09-07 14:30:00,AWS-N01,21.7,1012.42,83.34
2026-09-07 14:35:00,AWS-N01,21.89,1012.11,84.57
2026-09-07 14:40:00,AWS-N01,21.61,1011.93,85.51
2026-09-07 14:45:00,AWS-N01,22.12,1012.17,82.27
2026-09-07 14:50:00,AWS-N01,21.53,1011.37,84.54
2026-09-07 14:55:00,AWS-N01,22.58,1011.55,82.82
2026-09-07 15:00:00,AWS-N01,21.87,1011.52,82.57
2026-09-07 15:05:00,AWS-N01,21.36,1012.06,84.09
2026-09-07 15:10:00,AWS-N01,21.31,1012.69,83.67
2026-09-07 15:15:00,AWS-N01,21.87,1012.88,80.25
2026-09-07 15:20:00,AWS-N01,21.65,1012.23,84.74
2026-09-07 15:25:00,AWS-N01,22.01,1012.16,84.5
2026-09-07 15:30:00,AWS-N01,21.95,1011.23,81.38
2026-09-07 15:35:00,AWS-N01,21.79,1011.71,82.79
2026-09-07 15:40:00,AWS-N01,21.56,1011.59,82.82
2026-09-07 15:45:00,AWS-N01,21.36,1011.64,82.33
2026-09-07 15:50:00,AWS-N01,21.78,1011.79,80.97
2026-09-07 15:55:00,AWS-N01,22.27,1011.64,80.63
2026-09-07 16:00:00,AWS-N01,22.09,1011.01,81.44
2026-09-07 16:05:00,AWS-N01,21.63,1012.06,83.07
2026-09-07 16:10:00,AWS-N01,22.18,1011.3,81.94
2026-09-07 16:15:00,AWS-N01,22.3,1011.79,80.38
2026-09-07 16:20:00,AWS-N01,21.91,1012.48,81.9
2026-09-07 16:25:00,AWS-N01,22.33,1011.24,76.26
2026-09-07 16:30:00,AWS-N01,22.36,1010.55,82.04
2026-09-07 16:35:00,AWS-N01,22.0,1011.4,77.49
2026-09-07 16:40:00,AWS-N01,22.59,1011.9,79.32
2026-09-07 16:45:00,AWS-N01,22.72,1012.2,77.95
2026-09-07 16:50:00,AWS-N01,22.97,1010.87,77.44
2026-09-07 16:55:00,AWS-N01,23.03,1011.5,80.87
2026-09-07 17:00:00,AWS-N01,22.25,1011.06,78.17
2026-09-07 17:05:00,AWS-N01,22.48,1011.15,79.12
2026-09-07 17:10:00,AWS-N01,23.07,1012.19,78.25
2026-09-07 17:15:00,AWS-N01,23.14,1010.47,78.75
2026-09-07 17:20:00,AWS-N01,23.23,1011.11,77.86
2026-09-07 17:25:00,AWS-N01,24.48,1011.14,75.52
2026-09-07 17:30:00,AWS-N01,23.41,1011.32,78.64
2026-09-07 17:35:00,AWS-N01,23.69,1010.86,76.09
2026-09-07 17:40:00,AWS-N01,23.72,1010.88,74.18
2026-09-07 17:45:00,AWS-N01,23.7,1010.54,75.54
2026-09-07 17:50:00,AWS-N01,23.45,1010.74,78.11
2026-09-07 17:55:00,AWS-N01,23.92,1010.43,76.79
2026-09-07 18:00:00,AWS-N01,23.48,1010.75,74.65
2026-09-07 18:05:00,AWS-N01,23.76,1010.29,74.3
2026-09-07 18:10:00,AWS-N01,23.78,1010.52,73.99
2026-09-07 18:15:00,AWS-N01,24.07,1010.29,77.23
2026-09-07 18:20:00,AWS-N01,24.95,1010.69,74.32
2026-09-07 18:25:00,AWS-N01,23.59,1010.15,74.02
2026-09-07 18:30:00,AWS-N01,24.59,1009.4,74.55
2026-09-07 18:35:00,AWS-N01,23.89,1010.55,72.98
2026-09-07 18:40:00,AWS-N01,24.4,1009.62,71.85
2026-09-07 18:45:00,AWS-N01,25.05,1009.66,71.55
2026-09-07 18:50:00,AWS-N01,24.8,1009.63,71.34
2026-09-07 18:55:00,AWS-N01,24.51,1010.36,71.0
2026-09-07 19:00:00,AWS-N01,24.74,1008.9,71.75
2026-09-07 19:05:00,AWS-N01,25.34,1010.95,70.33
2026-09-07 19:10:00,AWS-N01,24.96,1010.06,70.94
2026-09-07 19:15:00,AWS-N01,25.41,1009.68,69.31
2026-09-07 19:20:00,AWS-N01,25.46,1009.51,69.13
2026-09-07 19:25:00,AWS-N01,25.33,1009.6,65.6
2026-09-07 19:30:00,AWS-N01,26.43,1009.65,69.55
2026-09-07 19:35:00,AWS-N01,26.01,1009.65,68.27
2026-09-07 19:40:00,AWS-N01,25.2,1009.57,68.83
2026-09-07 19:45:00,AWS-N01,26.09,1009.35,62.56
2026-09-07 19:50:00,AWS-N01,25.91,1009.19,69.61
2026-09-07 19:55:00,AWS-N01,26.56,1009.17,65.83
2026-09-07 20:00:00,AWS-N01,26.1,1009.12,67.27
2026-09-07 20:05:00,AWS-N01,26.46,1009.62,63.62
2026-09-07 20:10:00,AWS-N01,26.8,1009.38,65.66
2026-09-07 20:15:00,AWS-N01,27.04,1007.94,62.73
2026-09-07 20:20:00,AWS-N01,26.44,1009.35,62.94
2026-09-07 20:25:00,AWS-N01,26.86,1009.15,66.31
2026-09-07 20:30:00,AWS-N01,26.93,1009.04,62.71
2026-09-07 20:35:00,AWS-N01,26.99,1008.88,62.89
2026-09-07 20:40:00,AWS-N01,27.96,1009.47,63.43
2026-09-07 20:45:00,AWS-N01,27.6,1009.39,62.44
2026-09-07 20:55:00,AWS-N01,28.02,1009.16,61.37
2026-09-07 21:00:00,AWS-N01,28.56,1008.61,63.99
2026-09-07 21:05:00,AWS-N01,28.3,1008.45,59.87
2026-09-07 21:10:00,AWS-N01,27.52,1008.76,59.83
2026-09-07 21:15:00,AWS-N01,28.0,1009.36,60.67
2026-09-07 21:20:00,AWS-N01,28.73,1009.4,60.33
2026-09-07 21:25:00,AWS-N01,28.16,1009.24,60.03
2026-09-07 21:30:00,AWS-N01,28.68,1009.34,58.78
2026-09-07 21:35:00,AWS-N01,28.91,1009.28,55.69
2026-09-07 21:40:00,AWS-N01,28.43,1008.83,59.44
2026-09-07 21:45:00,AWS-N01,28.85,1009.29,54.85
2026-09-07 21:50:00,AWS-N01,27.85,1009.46,56.61
2026-09-07 21:55:00,AWS-N01,28.73,1009.47,54.62
2026-09-07 22:00:00,AWS-N01,29.12,1009.68,55.25
2026-09-07 22:05:00,AWS-N01,28.88,1009.52,55.44
2026-09-07 22:10:00,AWS-N01,30.0,1009.41,55.03
2026-09-07 22:15:00,AWS-N01,29.03,1009.74,54.79
2026-09-07 22:20:00,AWS-N01,29.49,1009.34,56.19
2026-09-07 22:25:00,AWS-N01,29.79,1009.04,54.06
2026-09-07 22:30:00,AWS-N01,30.35,1009.37,52.63
2026-09-07 22:35:00,AWS-N01,29.45,1009.19,54.07
2026-09-07 22:40:00,AWS-N01,30.46,1009.27,54.04
2026-09-07 22:45:00,AWS-N01,30.16,1009.53,50.05
2026-09-07 22:50:00,AWS-N01,29.91,1009.32,52.42
2026-09-07 22:55:00,AWS-N01,30.51,1009.57,52.23
2026-09-07 23:00:00,AWS-N01,30.52,1008.99,50.38
2026-09-07 23:05:00,AWS-N01,30.33,1009.89,52.55
2026-09-07 23:10:00,AWS-N01,30.66,1009.87,49.92
2026-09-07 23:15:00,AWS-N01,30.59,1009.6,50.0
2026-09-07 23:20:00,AWS-N01,30.86,1010.25,49.23
2026-09-07 23:25:00,AWS-N01,31.14,1010.42,49.19
2026-09-07 23:30:00,AWS-N01,31.54,1009.47,47.21
2026-09-07 23:35:00,AWS-N01,30.64,1009.87,46.39
2026-09-07 23:40:00,AWS-N01,31.9,1009.93,50.65
2026-09-07 23:45:00,AWS-N01,30.55,1009.93,46.69
2026-09-07 23:50:00,AWS-N01,31.26,1010.7,46.19
2026-09-07 23:55:00,AWS-N01,31.6,1010.36,44.17
2026-09-08 00:00:00,AWS-N01,31.56,1010.39,46.17
2026-09-08 00:05:00,AWS-N01,31.32,1009.76,44.89
2026-09-08 00:10:00,AWS-N01,31.53,1010.88,49.08
2026-09-08 00:15:00,AWS-N01,31.5,1010.2,47.89
2026-09-08 00:20:00,AWS-N01,31.53,1010.78,45.1
2026-09-08 00:25:00,AWS-N01,32.1,1010.94,49.28
2026-09-08 00:30:00,AWS-N01,31.99,1011.43,47.15
2026-09-08 00:35:00,AWS-N01,31.68,1010.43,44.98
2026-09-08 00:40:00,AWS-N01,32.29,1009.81,41.51
2026-09-08 00:45:00,AWS-N01,32.14,1011.15,48.5
2026-09-08 00:50:00,AWS-N01,32.37,1011.85,42.79
2026-09-08 00:55:00,AWS-N01,32.35,1011.69,42.23
2026-09-08 01:00:00,AWS-N01,31.89,1011.33,46.06
2026-09-08 01:05:00,AWS-N01,32.03,1011.11,48.02
2026-09-08 01:10:00,AWS-N01,32.53,1011.68,46.28
2026-09-08 01:15:00,AWS-N01,32.52,1011.02,44.91
2026-09-08 01:20:00,AWS-N01,32.34,1011.65,44.82
2026-09-08 01:25:00,AWS-N01,32.42,1011.72,45.08
2026-09-08 01:30:00,AWS-N01,32.86,1011.98,44.82
2026-09-08 01:35:00,AWS-N01,32.24,1012.71,43.99
2026-09-08 01:40:00,AWS-N01,32.66,1011.81,43.63
2026-09-08 01:45:00,AWS-N01,32.42,1011.49,43.29
2026-09-08 01:50:00,AWS-N01,32.44,1011.72,42.17
2026-09-08 01:55:00,AWS-N01,32.92,1011.06,42.81
2026-09-08 02:00:00,AWS-N01,32.84,1011.52,40.63
2026-09-08 02:05:00,AWS-N01,32.85,1011.67,42.97
2026-09-08 02:10:00,AWS-N01,33.04,1011.65,41.59
2026-09-08 02:15:00,AWS-N01,32.6,1011.95,41.39
2026-09-08 02:20:00,AWS-N01,32.83,1011.58,43.29
2026-09-08 02:25:00,AWS-N01,32.49,1012.38,45.09
2026-09-08 02:30:00,AWS-N01,32.71,1011.95,44.38
2026-09-08 02:35:00,AWS-N01,32.55,1011.96,40.65
2026-09-08 02:40:00,AWS-N01,32.63,1011.85,41.53
2026-09-08 02:45:00,AWS-N01,32.8,1012.05,44.45
2026-09-08 02:50:00,AWS-N01,32.29,1012.32,41.6
2026-09-08 02:55:00,AWS-N01,33.3,1011.65,42.78
2026-09-08 03:00:00,AWS-N01,32.2,1011.74,44.0
2026-09-08 03:05:00,AWS-N01,32.11,1011.88,41.78
2026-09-08 03:10:00,AWS-N01,32.92,1011.46,43.46
2026-09-08 03:15:00,AWS-N01,32.77,1011.66,41.38
2026-09-08 03:20:00,AWS-N01,32.69,1011.79,42.57
2026-09-08 03:25:00,AWS-N01,32.66,1012.31,44.05
2026-09-08 03:30:00,AWS-N01,32.41,1012.05,41.29
2026-09-08 03:35:00,AWS-N01,32.07,1012.01,44.46
2026-09-08 03:40:00,AWS-N01,32.37,1012.25,43.9
2026-09-08 03:45:00,AWS-N01,32.07,1011.83,44.89
2026-09-08 03:50:00,AWS-N01,32.61,1012.02,44.54
2026-09-08 03:55:00,AWS-N01,32.17,1011.79,46.41
2026-09-08 04:00:00,AWS-N01,31.89,1011.91,44.71
2026-09-08 04:05:00,AWS-N01,32.02,1011.53,44.05
2026-09-08 04:10:00,AWS-N01,32.23,1010.75,45.06
2026-09-08 04:15:00,AWS-N01,31.84,1011.64,45.88
2026-09-08 04:20:00,AWS-N01,31.69,1012.22,45.33
2026-09-08 04:25:00,AWS-N01,32.01,1011.98,45.53
2026-09-08 04:30:00,AWS-N01,31.95,1011.95,44.63
2026-09-08 04:35:00,AWS-N01,31.62,1012.01,44.91
2026-09-08 04:40:00,AWS-N01,31.57,1011.5,44.03
2026-09-08 04:45:00,AWS-N01,31.75,1011.49,48.99
2026-09-08 04:50:00,AWS-N01,31.1,1011.11,44.75
2026-09-08 04:55:00,AWS-N01,31.04,1011.18,45.83
2026-09-08 05:00:00,AWS-N01,31.21,1011.5,46.06
2026-09-08 05:05:00,AWS-N01,31.31,1011.67,48.74
2026-09-08 06:25:00,AWS-N01,29.81,1009.72,55.94
2026-09-08 06:30:00,AWS-N01,29.93,1010.53,52.16
2026-09-08 06:35:00,AWS-N01,29.75,1010.02,51.33
2026-09-08 06:40:00,AWS-N01,29.67,1010.26,53.63
2026-09-08 06:45:00,AWS-N01,29.26,1009.5,58.02
2026-09-08 06:50:00,AWS-N01,29.43,1009.24,53.34
2026-09-08 06:55:00,AWS-N01,29.49,1010.13,57.4
2026-09-08 07:00:00,AWS-N01,29.71,1009.9,57.86
2026-09-08 07:05:00,AWS-N01,29.43,1009.33,54.92
2026-09-08 07:10:00,AWS-N01,29.73,1009.29,57.01
2026-09-08 07:15:00,AWS-N01,28.6,1010.04,59.01
2026-09-08 07:20:00,AWS-N01,29.06,1009.06,56.42
2026-09-08 07:25:00,AWS-N01,28.7,1010.14,57.1
2026-09-08 07:30:00,AWS-N01,29.29,1009.08,56.95
2026-09-08 07:35:00,AWS-N01,28.12,1009.65,56.72
2026-09-08 07:40:00,AWS-N01,28.0,1009.22,57.7
2026-09-08 07:45:00,AWS-N01,27.96,1009.55,57.26
2026-09-08 07:50:00,AWS-N01,27.31,1009.05,59.58
2026-09-08 07:55:00,AWS-N01,27.75,1009.17,58.8
2026-09-08 08:00:00,AWS-N01,27.55,1009.22,60.74
2026-09-08 08:05:00,AWS-N01,27.75,1008.77,58.49
2026-09-08 08:10:00,AWS-N01,27.7,1009.44,61.75
2026-09-08 08:15:00,AWS-N01,28.12,1008.91,62.94
2026-09-08 08:20:00,AWS-N01,27.67,1009.0,59.14
2026-09-08 08:25:00,AWS-N01,27.02,1008.67,63.12
2026-09-08 08:30:00,AWS-N01,26.79,1008.03,64.84
2026-09-08 08:35:00,AWS-N01,27.15,1008.96,61.62
2026-09-08 08:40:00,AWS-N01,26.4,1009.99,66.38
2026-09-08 08:45:00,AWS-N01,27.38,1009.33,64.94
2026-09-08 08:50:00,AWS-N01,27.03,1009.0,63.69
2026-09-08 08:55:00,AWS-N01,26.34,1008.9,65.09
2026-09-08 09:00:00,AWS-N01,25.78,1009.01,66.45
2026-09-08 09:05:00,AWS-N01,26.74,1009.22,66.16
2026-09-08 09:10:00,AWS-N01,26.1,1008.53,67.28
2026-09-08 09:15:00,AWS-N01,26.46,1009.46,65.52
2026-09-08 09:20:00,AWS-N01,25.35,1009.31,67.58
2026-09-08 09:25:00,AWS-N01,25.58,1009.32,65.63
2026-09-08 09:30:00,AWS-N01,25.68,1009.23,68.01
2026-09-08 09:35:00,AWS-N01,25.58,1009.08,67.24
2026-09-08 09:40:00,AWS-N01,25.29,1009.36,67.91
2026-09-08 09:45:00,AWS-N01,25.55,1009.35,71.28
2026-09-08 09:50:00,AWS-N01,24.85,1009.0,71.48
2026-09-08 09:55:00,AWS-N01,25.06,1008.94,71.16
2026-09-08 10:00:00,AWS-N01,25.04,1009.24,69.02
2026-09-08 10:05:00,AWS-N01,25.06,1009.85,70.58
2026-09-08 10:10:00,AWS-N01,25.02,1008.78,73.27
2026-09-08 10:15:00,AWS-N01,24.27,1008.72,72.06
2026-09-08 10:20:00,AWS-N01,24.02,1009.42,75.71
2026-09-08 10:25:00,AWS-N01,24.9,1009.41,73.21
2026-09-08 10:30:00,AWS-N01,24.47,1009.51,73.29
2026-09-08 10:35:00,AWS-N01,23.98,1009.58,72.91
2026-09-08 10:40:00,AWS-N01,24.69,1009.45,73.95
2026-09-08 10:45:00,AWS-N01,24.08,1010.18,73.88
2026-09-08 10:50:00,AWS-N01,24.36,1009.0,75.53
2026-09-08 10:55:00,AWS-N01,23.87,1009.36,76.26
2026-09-08 14:20:00,AWS-N01,22.29,1011.74,83.08
2026-09-08 14:25:00,AWS-N01,21.61,1012.17,80.03
2026-09-08 14:30:00,AWS-N01,21.36,1011.31,81.59
2026-09-08 14:35:00,AWS-N01,21.68,1012.15,82.78
2026-09-08 14:40:00,AWS-N01,21.57,1012.79,81.17
2026-09-08 14:45:00,AWS-N01,21.53,1011.44,83.86
2026-09-08 14:50:00,AWS-N01,21.84,1012.07,85.22
2026-09-08 14:55:00,AWS-N01,21.9,1011.73,84.71
2026-09-08 15:00:00,AWS-N01,21.46,1012.17,82.51
2026-09-08 15:05:00,AWS-N01,21.46,1012.01,85.0
2026-09-08 15:10:00,AWS-N01,21.59,1011.74,82.92
2026-09-08 15:15:00,AWS-N01,20.9,1012.18,82.11
2026-09-08 15:20:00,AWS-N01,21.2,1012.7,81.61
2026-09-08 15:25:00,AWS-N01,22.24,1011.89,81.97
2026-09-08 15:30:00,AWS-N01,22.36,1012.24,81.74
2026-09-08 15:35:00,AWS-N01,21.73,1011.41,82.46
2026-09-08 15:40:00,AWS-N01,22.06,1011.53,82.32
2026-09-08 15:45:00,AWS-N01,22.0,1012.07,81.94
2026-09-08 15:50:00,AWS-N01,23.01,1012.45,82.45
2026-09-08 15:55:00,AWS-N01,22.37,1011.97,83.43
2026-09-08 16:00:00,AWS-N01,21.97,1011.67,82.9
2026-09-08 16:05:00,AWS-N01,21.73,1011.76,79.08
2026-09-08 16:10:00,AWS-N01,21.55,1011.23,77.3
2026-09-08 16:15:00,AWS-N01,22.24,1011.93,82.34
2026-09-08 16:20:00,AWS-N01,21.96,1012.0,78.69
2026-09-08 16:25:00,AWS-N01,21.78,1011.43,80.2
2026-09-08 16:30:00,AWS-N01,22.11,1011.37,78.57
2026-09-08 16:35:00,AWS-N01,22.02,1011.62,77.4
2026-09-08 16:40:00,AWS-N01,23.05,1011.29,80.68
2026-09-08 16:45:00,AWS-N01,22.84,1011.39,80.77
2026-09-08 16:50:00,AWS-N01,22.59,1012.2,78.52
2026-09-08 16:55:00,AWS-N01,23.18,1011.21,75.24
2026-09-08 17:00:00,AWS-N01,22.76,1011.11,78.05
2026-09-08 17:05:00,AWS-N01,22.51,1010.93,79.19
2026-09-08 17:10:00,AWS-N01,23.42,1011.43,76.1
2026-09-08 17:15:00,AWS-N01,23.15,1011.0,78.31
2026-09-08 17:20:00,AWS-N01,22.68,1010.75,77.72
2026-09-08 17:25:00,AWS-N01,23.06,1011.48,78.32
2026-09-08 17:30:00,AWS-N01,22.9,1011.46,77.32
2026-09-08 17:35:00,AWS-N01,22.81,1010.58,75.37
2026-09-08 18:10:00,AWS-N01,23.74,1009.88,74.21
2026-09-08 18:15:00,AWS-N01,23.74,1010.6,76.68
2026-09-08 18:20:00,AWS-N01,24.16,1010.25,71.69
2026-09-08 18:25:00,AWS-N01,23.96,1009.79,70.96
2026-09-08 18:30:00,AWS-N01,24.44,1009.95,75.21
2026-09-08 18:35:00,AWS-N01,24.44,1010.32,72.31
2026-09-08 18:40:00,AWS-N01,24.48,1010.03,71.23
2026-09-08 18:45:00,AWS-N01,24.35,1010.16,73.41
2026-09-08 18:50:00,AWS-N01,24.57,1010.66,70.54
2026-09-08 18:55:00,AWS-N01,25.15,1009.18,73.79
2026-09-08 19:00:00,AWS-N01,25.17,1010.4,71.67
2026-09-08 19:05:00,AWS-N01,24.76,1009.74,69.52
2026-09-08 19:10:00,AWS-N01,25.25,1009.28,73.08
2026-09-08 19:15:00,AWS-N01,25.6,1009.05,68.52
2026-09-08 19:20:00,AWS-N01,24.86,1009.46,70.13
2026-09-08 19:25:00,AWS-N01,25.75,1009.86,69.05
2026-09-08 19:30:00,AWS-N01,25.44,1009.39,70.13
2026-09-08 19:35:00,AWS-N01,25.99,1010.0,70.1
2026-09-08 19:40:00,AWS-N01,25.64,1008.77,67.38
2026-09-08 19:45:00,AWS-N01,25.4,1009.31,65.77
2026-09-08 19:50:00,AWS-N01,25.58,1008.77,67.16
2026-09-08 19:55:00,AWS-N01,26.28,1009.38,65.03
2026-09-08 20:00:00,AWS-N01,26.47,1009.56,68.63
2026-09-08 20:05:00,AWS-N01,26.18,1009.0,65.38
2026-09-08 20:10:00,AWS-N01,26.84,1008.1,64.2
2026-09-08 20:15:00,AWS-N01,26.16,1009.19,64.59
2026-09-08 20:20:00,AWS-N01,26.84,1009.27,61.85
2026-09-08 20:25:00,AWS-N01,26.56,1009.23,61.98
2026-09-08 20:30:00,AWS-N01,26.87,1009.55,64.8
2026-09-08 20:35:00,AWS-N01,27.24,1008.61,61.58
2026-09-08 20:40:00,AWS-N01,27.04,1009.29,60.56
2026-09-08 20:45:00,AWS-N01,27.33,1009.49,62.5
2026-09-08 20:50:00,AWS-N01,27.93,1008.29,63.04
2026-09-08 20:55:00,AWS-N01,27.5,1009.13,61.9
2026-09-08 21:00:00,AWS-N01,28.11,1008.8,61.88
2026-09-08 21:05:00,AWS-N01,27.54,1008.97,58.82
2026-09-08 21:10:00,AWS-N01,28.24,1009.14,57.39
2026-09-08 21:15:00,AWS-N01,28.68,1008.82,61.35
2026-09-08 21:20:00,AWS-N01,27.43,1008.75,58.19
2026-09-08 21:25:00,AWS-N01,28.13,1009.05,57.87
2026-09-08 21:30:00,AWS-N01,28.73,1008.62,59.82
2026-09-08 21:35:00,AWS-N01,28.57,1008.64,58.24
2026-09-08 21:40:00,AWS-N01,28.88,1009.36,57.67
2026-09-08 21:45:00,AWS-N01,28.66,1008.65,59.82
2026-09-08 21:50:00,AWS-N01,29.01,1009.41,55.19
2026-09-08 21:55:00,AWS-N01,29.04,1009.35,57.14
2026-09-08 22:00:00,AWS-N01,29.61,1008.51,55.43
2026-09-08 22:05:00,AWS-N01,29.4,1008.96,55.35
2026-09-08 22:10:00,AWS-N01,29.54,1009.75,56.84
2026-09-08 22:15:00,AWS-N01,29.39,1008.92,54.92
2026-09-08 22:20:00,AWS-N01,29.47,1009.17,54.57
2026-09-08 22:25:00,AWS-N01,29.59,1009.58,54.99
2026-09-08 22:30:00,AWS-N01,29.99,1009.75,52.45
2026-09-08 22:35:00,AWS-N01,29.81,1009.39,51.37
2026-09-08 22:40:00,AWS-N01,30.16,1009.3,50.69
2026-09-08 22:45:00,AWS-N01,30.88,1010.16,48.94
2026-09-08 22:50:00,AWS-N01,30.56,1010.34,54.61
2026-09-08 22:55:00,AWS-N01,30.24,1010.09,49.52
2026-09-08 23:00:00,AWS-N01,30.87,1009.78,50.49
2026-09-08 23:05:00,AWS-N01,30.4,1009.48,50.07
2026-09-08 23:10:00,AWS-N01,29.92,1009.53,50.61
2026-09-08 23:15:00,AWS-N01,30.37,1010.13,51.04
2026-09-08 23:20:00,AWS-N01,30.16,1010.15,50.78
2026-09-08 23:25:00,AWS-N01,30.78,1010.61,48.3
2026-09-08 23:30:00,AWS-N01,31.0,1010.37,48.61
2026-09-08 23:35:00,AWS-N01,31.66,1009.57,48.98
2026-09-08 23:40:00,AWS-N01,31.27,1010.66,47.88
2026-09-08 23:45:00,AWS-N01,31.16,1009.9,50.37
2026-09-08 23:50:00,AWS-N01,31.6,1010.22,48.42
2026-09-08 23:55:00,AWS-N01,30.62,1010.53,48.5
2026-09-09 00:00:00,AWS-N01,31.55,1011.3,48.13
2026-09-09 00:05:00,AWS-N01,31.81,1011.81,48.63
2026-09-09 00:10:00,AWS-N01,31.09,1010.87,46.89
2026-09-09 00:15:00,AWS-N01,32.07,1010.62,44.43
2026-09-09 00:20:00,AWS-N01,31.86,1010.97,46.73
2026-09-09 00:25:00,AWS-N01,31.66,1011.18,44.92
2026-09-09 00:30:00,AWS-N01,32.08,1010.76,44.89
2026-09-09 00:35:00,AWS-N01,32.72,1011.67,46.35
2026-09-09 00:40:00,AWS-N01,32.04,1011.11,47.12
2026-09-09 00:45:00,AWS-N01,32.12,1011.27,45.09
2026-09-09 00:50:00,AWS-N01,31.92,1011.4,45.34
2026-09-09 00:55:00,AWS-N01,31.84,1011.36,47.25
2026-09-09 01:00:00,AWS-N01,32.47,1011.59,44.88
2026-09-09 01:05:00,AWS-N01,31.93,1011.06,48.26
2026-09-09 01:10:00,AWS-N01,32.29,1011.14,45.05
2026-09-09 01:15:00,AWS-N01,32.14,1010.97,41.42
2026-09-09 01:20:00,AWS-N01,32.51,1011.64,45.06
2026-09-09 01:25:00,AWS-N01,32.5,1011.82,44.37
2026-09-09 01:30:00,AWS-N01,32.78,1011.74,45.62
2026-09-09 01:35:00,AWS-N01,32.26,1012.28,44.58
2026-09-09 01:40:00,AWS-N01,32.38,1011.65,43.27
2026-09-09 01:45:00,AWS-N01,32.15,1011.96,41.55
2026-09-09 01:50:00,AWS-N01,32.36,1011.29,42.99
2026-09-09 01:55:00,AWS-N01,32.67,1011.61,41.96
2026-09-09 02:05:00,AWS-N01,32.24,1012.17,44.0
2026-09-09 02:10:00,AWS-N01,32.88,1011.74,45.58
2026-09-09 02:15:00,AWS-N01,33.06,1011.86,43.63
2026-09-09 02:20:00,AWS-N01,32.74,1011.3,41.23
2026-09-09 02:25:00,AWS-N01,33.26,1011.79,43.67
2026-09-09 02:30:00,AWS-N01,32.33,1012.31,44.79
2026-09-09 02:35:00,AWS-N01,32.16,1012.19,42.09
2026-09-09 02:40:00,AWS-N01,31.97,1012.18,42.82
2026-09-09 02:45:00,AWS-N01,33.11,1012.01,43.06
2026-09-09 02:50:00,AWS-N01,32.81,1012.0,41.9
2026-09-09 02:55:00,AWS-N01,32.55,1011.73,44.09
2026-09-09 03:00:00,AWS-N01,32.65,1012.28,42.99
2026-09-09 03:05:00,AWS-N01,32.14,1012.17,43.86
2026-09-09 03:10:00,AWS-N01,33.37,1012.19,41.97
2026-09-09 03:15:00,AWS-N01,32.54,1011.78,42.73
2026-09-09 03:20:00,AWS-N01,32.51,1011.12,44.56
2026-09-09 03:25:00,AWS-N01,32.7,1012.4,43.01
2026-09-09 03:30:00,AWS-N01,32.58,1011.76,46.27
2026-09-09 03:35:00,AWS-N01,32.46,1011.59,43.2
2026-09-09 03:40:00,AWS-N01,32.07,1012.19,44.26
2026-09-09 03:45:00,AWS-N01,32.47,1011.73,45.46
2026-09-09 03:50:00,AWS-N01,32.93,1012.28,42.08
2026-09-09 03:55:00,AWS-N01,32.7,1012.08,41.72
2026-09-09 04:00:00,AWS-N01,32.74,1012.07,42.23
2026-09-09 04:05:00,AWS-N01,31.96,1011.22,46.59
2026-09-09 04:10:00,AWS-N01,31.74,1012.21,44.05
2026-09-09 04:15:00,AWS-N01,31.99,1011.79,48.9
2026-09-09 04:20:00,AWS-N01,32.0,1011.5,44.41
2026-09-09 04:25:00,AWS-N01,32.3,1011.66,45.74
2026-09-09 04:30:00,AWS-N01,31.27,1010.85,47.99
2026-09-09 04:35:00,AWS-N01,32.34,1011.68,48.91
2026-09-09 04:40:00,AWS-N01,31.68,1011.05,49.22
2026-09-09 04:45:00,AWS-N01,31.52,1010.87,48.18
2026-09-09 04:50:00,AWS-N01,31.25,1010.75,48.15
2026-09-09 04:55:00,AWS-N01,30.96,1011.75,47.76
2026-09-09 05:00:00,AWS-N01,31.75,1011.0,48.3
2026-09-09 05:05:00,AWS-N01,31.42,1011.81,46.58
2026-09-09 05:10:00,AWS-N01,30.86,1010.92,46.45
2026-09-09 05:15:00,AWS-N01,30.78,1010.39,47.96
2026-09-09 05:20:00,AWS-N01,31.04,1010.57,48.0
2026-09-09 05:25:00,AWS-N01,31.66,1011.45,47.87
2026-09-09 05:30:00,AWS-N01,30.9,1010.83,49.9
2026-09-09 05:35:00,AWS-N01,30.38,1010.61,50.6
2026-09-09 05:40:00,AWS-N01,30.73,1010.82,49.62
2026-09-09 05:45:00,AWS-N01,30.63,1010.9,52.03
2026-09-09 05:50:00,AWS-N01,29.69,1011.08,48.43
2026-09-09 05:55:00,AWS-N01,30.52,1011.14,50.19
2026-09-09 06:00:00,AWS-N01,30.37,1010.36,49.75
2026-09-09 06:05:00,AWS-N01,30.6,1009.9,48.37
2026-09-09 06:10:00,AWS-N01,30.9,1010.2,51.4
2026-09-09 06:15:00,AWS-N01,30.55,1010.41,51.71
2026-09-09 06:20:00,AWS-N01,29.96,1009.85,54.52
2026-09-09 06:25:00,AWS-N01,29.57,1009.79,53.57
2026-09-09 06:30:00,AWS-N01,30.75,1010.25,51.46
2026-09-09 06:35:00,AWS-N01,29.77,1010.03,56.16
2026-09-09 06:40:00,AWS-N01,29.64,1010.0,55.6
2026-09-09 06:45:00,AWS-N01,29.52,1009.62,55.03
2026-09-09 06:50:00,AWS-N01,29.49,1009.77,54.21
2026-09-09 06:55:00,AWS-N01,29.26,1009.44,53.51
2026-09-09 07:00:00,AWS-N01,29.0,1010.11,54.79
2026-09-09 07:05:00,AWS-N01,28.9,1010.11,57.38
2026-09-09 07:10:00,AWS-N01,28.97,1008.9,58.99
2026-09-09 07:15:00,AWS-N01,28.68,1009.22,58.89
2026-09-09 07:20:00,AWS-N01,28.5,1008.94,56.25
2026-09-09 07:25:00,AWS-N01,28.68,1009.23,55.72
2026-09-09 07:30:00,AWS-N01,28.43,1009.41,58.03
2026-09-09 07:35:00,AWS-N01,28.93,1008.81,55.59
2026-09-09 07:40:00,AWS-N01,27.36,1008.98,59.16
2026-09-09 07:45:00,AWS-N01,28.56,1008.91,58.88
2026-09-09 07:50:00,AWS-N01,28.49,1009.35,58.83
2026-09-09 07:55:00,AWS-N01,27.21,1009.26,57.57
2026-09-09 08:00:00,AWS-N01,27.7,1008.91,61.16
2026-09-09 08:05:00,AWS-N01,27.57,1009.24,60.02
2026-09-09 08:10:00,AWS-N01,27.09,1008.92,59.5
2026-09-09 08:15:00,AWS-N01,27.19,1009.01,57.38
2026-09-09 08:20:00,AWS-N01,26.95,1009.76,62.09
2026-09-09 08:25:00,AWS-N01,27.83,1009.61,65.22
2026-09-09 08:30:00,AWS-N01,27.43,1008.53,65.49
2026-09-09 08:35:00,AWS-N01,27.43,1009.37,62.75
2026-09-09 08:40:00,AWS-N01,27.11,1009.35,62.97
2026-09-09 08:45:00,AWS-N01,26.35,1008.55,65.01
2026-09-09 08:50:00,AWS-N01,26.44,1009.33,63.25
2026-09-09 08:55:00,AWS-N01,26.67,1009.62,65.63
2026-09-09 09:00:00,AWS-N01,25.95,1008.55,66.76
2026-09-09 09:05:00,AWS-N01,26.51,1008.63,67.88
2026-09-09 09:10:00,AWS-N01,26.06,1009.41,66.32
2026-09-09 09:15:00,AWS-N01,25.9,1009.12,66.6
2026-09-09 09:20:00,AWS-N01,26.16,1009.24,66.01
2026-09-09 09:25:00,AWS-N01,25.95,1009.17,66.51
2026-09-09 09:30:00,AWS-N01,25.55,1009.21,67.84
2026-09-09 09:35:00,AWS-N01,25.97,1008.54,69.15
2026-09-09 09:40:00,AWS-N01,25.07,1009.51,70.38
2026-09-09 09:45:00,AWS-N01,25.55,1009.58,68.22
2026-09-09 09:50:00,AWS-N01,25.43,1009.05,72.08
2026-09-09 09:55:00,AWS-N01,25.0,1009.15,69.84
2026-09-09 10:00:00,AWS-N01,25.11,1008.59,70.62
2026-09-09 10:05:00,AWS-N01,24.45,1009.44,69.93
2026-09-09 10:10:00,AWS-N01,25.1,1009.5,67.82
2026-09-09 10:15:00,AWS-N01,24.6,1009.29,73.17
2026-09-09 10:20:00,AWS-N01,24.38,1009.8,73.34
2026-09-09 10:25:00,AWS-N01,24.04354286469244,1008.22472381959,76.08228567653781
2026-09-09 10:30:00,AWS-N01,22.6,1007.67,80.6
2026-09-09 10:35:00,AWS-N01,21.62867965644036,1006.2515728752538,84.75660171779822
2026-09-09 10:40:00,AWS-N01,21.001923788646685,1006.0658983848622,84.39038105676659
2026-09-09 10:45:00,AWS-N01,21.3622225211328,1005.6562966948436,87.80888739433601
2026-09-09 10:50:00,AWS-N01,20.5,1005.73,90.66
2026-09-09 10:55:00,AWS-N01,21.5622225211328,1005.6862966948436,87.42888739433602
2026-09-09 11:00:00,AWS-N01,20.421923788646684,1006.2358983848624,88.61038105676658
2026-09-09 11:05:00,AWS-N01,22.12867965644036,1007.3115728752538,84.08660171779822
2026-09-09 11:10:00,AWS-N01,22.14,1007.69,84.06
2026-09-09 11:15:00,AWS-N01,22.66354286469244,1008.24472381959,80.01228567653781
2026-09-09 11:20:00,AWS-N01,23.19,1010.69,74.09
2026-09-09 11:25:00,AWS-N01,23.44,1010.6,78.58
2026-09-09 11:30:00,AWS-N01,23.2,1009.59,76.04
2026-09-09 11:35:00,AWS-N01,23.51,1010.45,76.23
2026-09-09 11:40:00,AWS-N01,23.08,1010.04,78.05
2026-09-09 11:45:00,AWS-N01,23.02,1010.41,79.76
2026-09-09 11:50:00,AWS-N01,22.76,1010.49,76.8
2026-09-09 11:55:00,AWS-N01,22.79,1010.34,78.69
2026-09-09 12:00:00,AWS-N01,22.84,1010.19,79.51
2026-09-09 12:05:00,AWS-N01,22.07,1010.29,80.17
2026-09-09 12:10:00,AWS-N01,22.12,1010.26,79.65
2026-09-09 12:15:00,AWS-N01,22.79,1010.36,79.08
2026-09-09 12:20:00,AWS-N01,22.52,1010.73,78.63
2026-09-09 12:25:00,AWS-N01,22.33,1010.54,80.23
2026-09-09 12:30:00,AWS-N01,22.34,1011.16,78.71
2026-09-09 12:35:00,AWS-N01,22.4,1011.55,76.15
2026-09-09 12:40:00,AWS-N01,22.03,1010.78,81.4
2026-09-09 12:45:00,AWS-N01,21.89,1011.17,82.29
2026-09-09 12:50:00,AWS-N01,22.18,1011.33,77.58
2026-09-09 12:55:00,AWS-N01,21.72,1011.38,79.79
2026-09-09 13:00:00,AWS-N01,22.16,1011.28,82.41
2026-09-09 13:05:00,AWS-N01,21.38,1011.6,84.73
2026-09-09 13:10:00,AWS-N01,22.29,1011.55,81.83
2026-09-09 13:15:00,AWS-N01,22.06,1010.92,80.85
2026-09-09 13:20:00,AWS-N01,21.94,1011.81,81.8
2026-09-09 13:25:00,AWS-N01,22.16,1011.87,84.26
2026-09-09 13:30:00,AWS-N01,22.37,1011.26,81.35
2026-09-09 13:35:00,AWS-N01,22.11,1011.62,81.23
2026-09-09 13:40:00,AWS-N01,21.09,1011.92,81.8
2026-09-09 13:45:00,AWS-N01,21.26,1011.61,81.19
2026-09-09 13:50:00,AWS-N01,21.46,1012.16,82.88
2026-09-09 13:55:00,AWS-N01,21.67,1012.71,85.2
2026-09-09 14:00:00,AWS-N01,21.83,1011.48,83.31
2026-09-09 14:05:00,AWS-N01,21.38,1011.28,82.5
2026-09-09 14:10:00,AWS-N01,21.69,1011.98,82.49
2026-09-09 14:15:00,AWS-N01,21.35,1012.17,80.61
2026-09-09 14:20:00,AWS-N01,21.39,1011.82,84.31
2026-09-09 14:25:00,AWS-N01,21.11,1012.51,82.88
2026-09-09 14:30:00,AWS-N01,21.28,1011.41,82.73
2026-09-09 14:35:00,AWS-N01,21.13,1012.24,87.78
2026-09-09 14:40:00,AWS-N01,21.26,1011.73,83.43
2026-09-09 14:45:00,AWS-N01,21.98,1012.67,81.83
2026-09-09 14:50:00,AWS-N01,21.29,1012.79,82.28
2026-09-09 14:55:00,AWS-N01,22.55,1011.69,84.6
2026-09-09 15:00:00,AWS-N01,21.82,1011.78,83.0
2026-09-09 15:05:00,AWS-N01,21.73,1012.34,80.61
2026-09-09 15:10:00,AWS-N01,21.38,1011.84,84.07
2026-09-09 15:15:00,AWS-N01,21.95,1011.97,81.61
2026-09-09 15:20:00,AWS-N01,21.53,1011.99,85.34
2026-09-09 15:25:00,AWS-N01,21.8,1011.2,84.05
2026-09-09 15:30:00,AWS-N01,22.68,1011.94,81.65
2026-09-09 15:35:00,AWS-N01,21.79,1011.65,84.12
2026-09-09 15:40:00,AWS-N01,22.26,1011.71,82.18
2026-09-09 15:45:00,AWS-N01,21.65,1012.46,83.22
2026-09-09 15:50:00,AWS-N01,21.92,1011.36,82.52
2026-09-09 15:55:00,AWS-N01,22.59,1012.16,80.37
2026-09-09 16:00:00,AWS-N01,21.8,1011.69,80.51
2026-09-09 16:05:00,AWS-N01,22.7,1011.65,82.85
2026-09-09 16:10:00,AWS-N01,22.36,1012.04,80.62
2026-09-09 16:15:00,AWS-N01,21.97,1011.83,80.33
2026-09-09 16:20:00,AWS-N01,22.44,1011.88,79.31
2026-09-09 16:25:00,AWS-N01,22.62,1011.99,81.17
2026-09-09 16:30:00,AWS-N01,22.55,1011.43,83.41
2026-09-09 16:35:00,AWS-N01,21.85,1011.27,78.5
2026-09-09 16:40:00,AWS-N01,22.21,1011.03,79.9
2026-09-09 16:45:00,AWS-N01,22.44,1011.08,81.75
2026-09-09 16:50:00,AWS-N01,22.57,1012.54,79.26
2026-09-09 16:55:00,AWS-N01,22.88,1011.8,79.81
2026-09-09 17:00:00,AWS-N01,22.8,1010.71,77.27
2026-09-09 17:05:00,AWS-N01,22.34,1010.66,79.24
2026-09-09 17:10:00,AWS-N01,23.02,1011.33,78.04
2026-09-09 17:15:00,AWS-N01,23.18,1011.29,79.52
2026-09-09 17:20:00,AWS-N01,23.24,1011.23,79.53
2026-09-09 17:25:00,AWS-N01,23.51,1010.85,81.33
2026-09-09 17:30:00,AWS-N01,23.5,1010.84,78.01
2026-09-09 17:35:00,AWS-N01,23.46,1010.96,77.32
2026-09-09 17:40:00,AWS-N01,23.36,1010.79,76.8
2026-09-09 17:45:00,AWS-N01,22.89,1009.81,75.66
2026-09-09 17:50:00,AWS-N01,23.72,1010.54,76.36
2026-09-09 17:55:00,AWS-N01,23.73,1010.22,75.08
2026-09-09 18:00:00,AWS-N01,23.85,1010.57,75.43
2026-09-09 18:05:00,AWS-N01,23.4,1011.63,76.8
2026-09-09 18:10:00,AWS-N01,23.57,1010.52,72.96
2026-09-09 18:15:00,AWS-N01,24.41,1010.18,75.82
2026-09-09 18:20:00,AWS-N01,24.13,1010.61,75.72
2026-09-09 18:25:00,AWS-N01,24.49,1010.37,73.2
2026-09-09 18:30:00,AWS-N01,24.36,1010.28,69.82
2026-09-09 18:35:00,AWS-N01,24.46,1010.29,71.71
2026-09-09 18:40:00,AWS-N01,24.89,1010.81,74.18
2026-09-09 18:45:00,AWS-N01,24.49,1009.47,71.81
2026-09-09 18:50:00,AWS-N01,24.81,1010.06,69.95
2026-09-09 18:55:00,AWS-N01,24.72,1009.44,70.3
2026-09-09 19:00:00,AWS-N01,24.84,1009.97,71.91
2026-09-09 19:05:00,AWS-N01,25.0,1009.33,71.07
2026-09-09 19:10:00,AWS-N01,25.3,1009.47,69.48
2026-09-09 19:15:00,AWS-N01,25.16,1009.47,68.88
2026-09-09 19:20:00,AWS-N01,25.89,1009.93,68.43
2026-09-09 19:25:00,AWS-N01,25.25,1009.85,67.21
2026-09-09 19:30:00,AWS-N01,25.61,1008.94,70.6
2026-09-09 19:35:00,AWS-N01,25.64,1009.42,67.27
2026-09-09 19:40:00,AWS-N01,26.42,1009.07,69.15
2026-09-09 19:45:00,AWS-N01,26.1,1008.81,69.18
2026-09-09 19:50:00,AWS-N01,26.51,1009.18,67.97
2026-09-09 19:55:00,AWS-N01,25.74,1009.11,65.4
2026-09-09 20:00:00,AWS-N01,26.48,1010.17,66.22
2026-09-09 20:05:00,AWS-N01,26.81,1009.34,65.14
2026-09-09 20:10:00,AWS-N01,26.65,1008.59,63.39
2026-09-09 20:15:00,AWS-N01,27.11,1008.89,64.79
2026-09-09 20:20:00,AWS-N01,26.68,1009.5,62.1
2026-09-09 20:25:00,AWS-N01,27.47,1009.9,65.22
2026-09-09 20:30:00,AWS-N01,27.9,1008.42,62.3
2026-09-09 20:35:00,AWS-N01,27.09,1008.28,62.87
2026-09-09 20:40:00,AWS-N01,27.18,1009.77,62.55
2026-09-09 20:45:00,AWS-N01,27.97,1009.17,61.3
2026-09-09 20:50:00,AWS-N01,28.13,1008.66,62.14
2026-09-09 20:55:00,AWS-N01,27.52,1009.22,60.11
2026-09-09 21:00:00,AWS-N01,27.67,1007.95,61.7
2026-09-09 21:05:00,AWS-N01,27.84,1009.0,57.94
2026-09-09 21:10:00,AWS-N01,27.58,1009.14,59.72
2026-09-09 21:15:00,AWS-N01,27.85,1009.38,62.01
2026-09-09 21:20:00,AWS-N01,27.94,1008.62,57.17
2026-09-09 21:25:00,AWS-N01,28.14,1009.07,57.23
2026-09-09 21:30:00,AWS-N01,28.51,1008.68,58.59
2026-09-09 21:35:00,AWS-N01,28.72,1009.17,57.67
2026-09-09 21:40:00,AWS-N01,29.3,1008.73,57.51
2026-09-09 21:45:00,AWS-N01,28.52,1008.95,57.3
2026-09-09 21:50:00,AWS-N01,29.33,1008.74,57.11
2026-09-09 21:55:00,AWS-N01,29.02,1009.43,57.42
2026-09-09 22:00:00,AWS-N01,29.19,1009.54,55.96
2026-09-09 22:05:00,AWS-N01,29.55,1009.14,54.58
2026-09-09 22:10:00,AWS-N01,29.03,1009.29,55.56
2026-09-09 22:15:00,AWS-N01,29.67,1008.73,57.0
2026-09-09 22:20:00,AWS-N01,29.7,1009.23,53.57
2026-09-09 22:25:00,AWS-N01,29.92,1009.37,51.92
2026-09-09 22:30:00,AWS-N01,29.95,1010.49,54.66
2026-09-09 22:35:00,AWS-N01,30.81,1009.04,52.44
2026-09-09 22:40:00,AWS-N01,29.83,1010.12,49.0
2026-09-09 22:45:00,AWS-N01,29.97,1009.99,53.16
2026-09-09 22:50:00,AWS-N01,30.04,1009.75,50.73
2026-09-09 22:55:00,AWS-N01,30.16,1010.4,51.04
2026-09-09 23:00:00,AWS-N01,30.23,1009.9,51.32
2026-09-09 23:05:00,AWS-N01,30.96,1009.96,50.77
2026-09-09 23:10:00,AWS-N01,31.13,1009.84,51.21
2026-09-09 23:15:00,AWS-N01,30.53,1010.42,49.16
2026-09-09 23:20:00,AWS-N01,30.52,1010.43,50.26
2026-09-09 23:25:00,AWS-N01,31.07,1009.8,48.78
2026-09-09 23:30:00,AWS-N01,30.8,1009.58,49.97
2026-09-09 23:35:00,AWS-N01,31.29,1010.09,49.48
2026-09-09 23:40:00,AWS-N01,31.23,1009.92,46.85
2026-09-09 23:45:00,AWS-N01,30.7,1010.28,49.59
2026-09-09 23:50:00,AWS-N01,31.85,1010.86,46.88
2026-09-09 23:55:00,AWS-N01,32.02,1010.25,48.61
2026-09-07 00:00:00,AWS-S01,30.55,1009.69,53.77
2026-09-07 00:05:00,AWS-S01,30.66,1009.72,51.31
2026-09-07 00:10:00,AWS-S01,31.0,1010.32,51.65
2026-09-07 00:15:00,AWS-S01,29.99,1009.47,49.61
2026-09-07 00:20:00,AWS-S01,30.63,1009.66,53.68
2026-09-07 00:25:00,AWS-S01,30.98,1010.44,53.75
2026-09-07 00:30:00,AWS-S01,31.38,1009.85,50.91
2026-09-07 00:35:00,AWS-S01,30.85,1010.51,52.0
2026-09-07 00:40:00,AWS-S01,30.42,1010.89,50.52
2026-09-07 00:45:00,AWS-S01,31.35,1010.11,48.06
2026-09-07 00:50:00,AWS-S01,30.96,1010.61,49.26
2026-09-07 00:55:00,AWS-S01,30.82,1009.93,49.89
2026-09-07 01:00:00,AWS-S01,31.06,1010.75,48.84
2026-09-07 01:05:00,AWS-S01,31.26,1010.59,49.03
2026-09-07 01:10:00,AWS-S01,31.16,1010.75,49.07
2026-09-07 01:15:00,AWS-S01,30.64,1010.35,48.94
2026-09-07 01:20:00,AWS-S01,31.76,1010.0,49.0
2026-09-07 01:25:00,AWS-S01,31.93,1010.91,47.21
2026-09-07 01:30:00,AWS-S01,31.74,1009.94,47.61
2026-09-07 01:35:00,AWS-S01,31.14,1010.68,46.65
2026-09-07 01:40:00,AWS-S01,31.5,1011.23,49.94
2026-09-07 01:45:00,AWS-S01,31.59,1010.97,45.23
2026-09-07 01:50:00,AWS-S01,31.83,1011.71,50.03
2026-09-07 01:55:00,AWS-S01,31.87,1011.38,50.31
2026-09-07 02:00:00,AWS-S01,31.4,1010.74,47.72
2026-09-07 02:05:00,AWS-S01,31.7,1011.04,44.21
2026-09-07 02:10:00,AWS-S01,31.84,1011.04,47.53
2026-09-07 02:15:00,AWS-S01,32.2,1010.45,47.95
2026-09-07 02:20:00,AWS-S01,31.94,1010.73,46.5
2026-09-07 02:25:00,AWS-S01,31.97,1010.91,47.23
2026-09-07 02:30:00,AWS-S01,31.73,1010.33,50.3
2026-09-07 02:35:00,AWS-S01,32.19,1011.18,49.0
2026-09-07 02:40:00,AWS-S01,31.84,1011.08,46.63
2026-09-07 02:45:00,AWS-S01,31.39,1010.52,45.65
2026-09-07 02:50:00,AWS-S01,32.17,1011.36,47.59
2026-09-07 02:55:00,AWS-S01,31.91,1011.48,47.8
2026-09-07 03:00:00,AWS-S01,31.5,1011.29,48.92
2026-09-07 03:05:00,AWS-S01,31.47,1011.07,47.43
2026-09-07 03:10:00,AWS-S01,31.72,1011.43,49.07
2026-09-07 03:15:00,AWS-S01,31.76,1011.46,51.29
2026-09-07 03:20:00,AWS-S01,31.64,1011.3,49.7
2026-09-07 03:25:00,AWS-S01,31.65,1010.83,48.5
2026-09-07 03:30:00,AWS-S01,32.11,1011.26,48.41
2026-09-07 03:35:00,AWS-S01,31.86,1011.61,48.26
2026-09-07 03:40:00,AWS-S01,31.51,1010.87,50.7
2026-09-07 03:45:00,AWS-S01,31.74,1011.92,48.12
2026-09-07 03:50:00,AWS-S01,31.01,1010.85,49.27
2026-09-07 03:55:00,AWS-S01,31.47,1011.04,49.44
2026-09-07 04:00:00,AWS-S01,31.91,1010.73,48.77
2026-09-07 04:05:00,AWS-S01,31.16,1011.05,47.64
2026-09-07 04:10:00,AWS-S01,30.89,1010.23,50.36
2026-09-07 04:15:00,AWS-S01,30.9,1010.67,49.97
2026-09-07 04:20:00,AWS-S01,30.7,1010.41,51.01
2026-09-07 04:25:00,AWS-S01,30.75,1010.86,49.67
2026-09-07 04:30:00,AWS-S01,30.83,1011.16,52.51
2026-09-07 04:35:00,AWS-S01,30.41,1010.97,49.59
2026-09-07 04:40:00,AWS-S01,30.84,1009.72,53.7
2026-09-07 04:45:00,AWS-S01,31.09,1011.43,48.75
2026-09-07 04:50:00,AWS-S01,30.39,1010.68,52.27
2026-09-07 04:55:00,AWS-S01,31.17,1010.2,52.58
2026-09-07 05:00:00,AWS-S01,30.74,1010.51,50.94
2026-09-07 05:05:00,AWS-S01,30.85,1010.46,53.04
2026-09-07 05:10:00,AWS-S01,30.18,1010.07,54.6
2026-09-07 05:15:00,AWS-S01,30.63,1010.35,49.64
2026-09-07 05:20:00,AWS-S01,29.87,1009.97,54.01
2026-09-07 05:25:00,AWS-S01,30.48,1009.99,49.81
2026-09-07 05:30:00,AWS-S01,30.15,1009.81,52.41
2026-09-07 05:35:00,AWS-S01,30.2,1009.45,56.61
2026-09-07 05:40:00,AWS-S01,29.5,1010.02,53.62
2026-09-07 05:45:00,AWS-S01,29.51,1010.13,53.05
2026-09-07 05:50:00,AWS-S01,29.94,1010.04,54.85
2026-09-07 05:55:00,AWS-S01,29.31,1010.09,58.58
2026-09-07 06:00:00,AWS-S01,29.71,1009.83,53.08
2026-09-07 06:05:00,AWS-S01,28.97,1009.42,54.6
2026-09-07 06:10:00,AWS-S01,29.65,1009.91,58.77
2026-09-07 06:15:00,AWS-S01,28.82,1008.96,59.68
2026-09-07 06:20:00,AWS-S01,29.35,1009.08,57.1
2026-09-07 06:25:00,AWS-S01,29.27,1008.99,55.77
2026-09-07 06:30:00,AWS-S01,28.71,1009.74,61.14
2026-09-07 06:35:00,AWS-S01,29.05,1009.63,60.77
2026-09-07 06:40:00,AWS-S01,28.83,1009.38,59.78
2026-09-07 06:45:00,AWS-S01,28.44,1009.55,57.94
2026-09-07 06:50:00,AWS-S01,28.17,1008.71,59.47
2026-09-07 06:55:00,AWS-S01,27.73,1009.15,59.7
2026-09-07 07:00:00,AWS-S01,28.43,1008.9,60.84
2026-09-07 07:05:00,AWS-S01,27.65,1009.23,62.93
2026-09-07 07:10:00,AWS-S01,28.11,1008.79,62.48
2026-09-07 07:15:00,AWS-S01,27.88,1008.63,59.96
2026-09-07 07:20:00,AWS-S01,28.09,1008.95,64.05
2026-09-07 07:25:00,AWS-S01,27.63,1009.04,62.87
2026-09-07 07:30:00,AWS-S01,27.51,1008.37,63.85
2026-09-07 07:35:00,AWS-S01,27.76,1008.57,65.45
2026-09-07 07:40:00,AWS-S01,27.51,1008.13,62.0
2026-09-07 07:45:00,AWS-S01,27.38,1007.51,64.04
2026-09-07 07:50:00,AWS-S01,27.32,1008.55,63.73
2026-09-07 07:55:00,AWS-S01,26.5,1008.68,62.61
2026-09-07 08:00:00,AWS-S01,27.18,1008.51,65.91
2026-09-07 08:05:00,AWS-S01,27.01,1007.59,69.59
2026-09-07 08:10:00,AWS-S01,26.32,1008.2,63.5
2026-09-07 08:15:00,AWS-S01,26.47,1007.43,66.64
2026-09-07 08:20:00,AWS-S01,26.43,1008.84,68.09
2026-09-07 08:25:00,AWS-S01,26.27,1007.84,67.75
2026-09-07 08:30:00,AWS-S01,26.32,1008.75,67.83
2026-09-07 08:35:00,AWS-S01,26.58,1008.61,66.49
2026-09-07 08:40:00,AWS-S01,26.34,1007.86,69.22
2026-09-07 08:45:00,AWS-S01,25.38,1007.76,68.17
2026-09-07 08:50:00,AWS-S01,25.94,1008.35,66.46
2026-09-07 08:55:00,AWS-S01,26.07,1007.86,71.97
2026-09-07 09:00:00,AWS-S01,25.62,1008.24,72.05
2026-09-07 09:05:00,AWS-S01,25.75,1008.01,71.12
2026-09-07 09:10:00,AWS-S01,25.95,1007.49,71.82
2026-09-07 09:15:00,AWS-S01,25.49,1007.32,73.51
2026-09-07 09:20:00,AWS-S01,25.1,1008.31,72.67
2026-09-07 09:25:00,AWS-S01,25.26,1008.01,74.11
2026-09-07 09:30:00,AWS-S01,24.83,1008.03,72.73
2026-09-07 09:35:00,AWS-S01,24.67,1008.55,75.56
2026-09-07 09:40:00,AWS-S01,24.42,1008.76,74.5
2026-09-07 09:45:00,AWS-S01,24.98,1008.21,74.72
2026-09-07 09:50:00,AWS-S01,24.03,1008.2,72.94
2026-09-07 09:55:00,AWS-S01,24.74,1008.57,75.68
2026-09-07 10:00:00,AWS-S01,24.27,1007.86,74.41
2026-09-07 10:05:00,AWS-S01,23.5,1008.52,75.1
2026-09-07 10:10:00,AWS-S01,24.0,1008.69,75.23
2026-09-07 10:15:00,AWS-S01,23.03,1008.78,75.25
2026-09-07 10:20:00,AWS-S01,23.88,1007.78,80.42
2026-09-07 10:25:00,AWS-S01,23.86,1008.29,79.62
2026-09-07 10:30:00,AWS-S01,23.24,1008.29,80.88
2026-09-07 10:35:00,AWS-S01,23.39,1008.73,76.54
2026-09-07 10:40:00,AWS-S01,23.93,1008.93,78.85
2026-09-07 10:45:00,AWS-S01,22.97,1009.39,77.17
2026-09-07 10:50:00,AWS-S01,22.67,1008.64,78.43
2026-09-07 10:55:00,AWS-S01,23.47,1008.7,78.45
2026-09-07 11:00:00,AWS-S01,23.54,1009.41,82.03
2026-09-07 11:05:00,AWS-S01,22.76,1009.13,79.92
2026-09-07 11:10:00,AWS-S01,23.02,1009.57,82.46
2026-09-07 11:15:00,AWS-S01,23.04,1009.24,82.09
2026-09-07 11:20:00,AWS-S01,22.22,1008.72,84.97
2026-09-07 11:25:00,AWS-S01,22.23,1008.72,79.61
2026-09-07 11:30:00,AWS-S01,22.74,1008.69,84.03
2026-09-07 11:35:00,AWS-S01,22.82,1009.64,84.17
2026-09-07 11:40:00,AWS-S01,22.34,1009.91,81.29
2026-09-07 11:45:00,AWS-S01,21.76,1010.24,84.55
2026-09-07 11:50:00,AWS-S01,22.68,1009.91,83.83
2026-09-07 11:55:00,AWS-S01,21.72,1010.1,83.26
2026-09-07 12:00:00,AWS-S01,21.72,1009.47,82.63
2026-09-07 12:05:00,AWS-S01,21.88,1009.3,83.05
2026-09-07 12:10:00,AWS-S01,22.24,1010.17,87.46
2026-09-07 12:15:00,AWS-S01,21.93,1010.06,84.63
2026-09-07 12:20:00,AWS-S01,21.71,1010.0,86.04
2026-09-07 12:25:00,AWS-S01,21.66,1010.18,83.91
2026-09-07 12:30:00,AWS-S01,21.45,1010.22,84.15
2026-09-07 12:35:00,AWS-S01,21.57,1010.66,87.16
2026-09-07 12:40:00,AWS-S01,20.44,1010.73,83.72
2026-09-07 12:45:00,AWS-S01,21.16,1010.49,85.31
2026-09-07 12:50:00,AWS-S01,21.3,1010.67,86.18
2026-09-07 12:55:00,AWS-S01,20.76,1010.6,86.47
2026-09-07 13:00:00,AWS-S01,21.25,1010.27,86.21
2026-09-07 13:05:00,AWS-S01,21.0,1010.81,87.23
2026-09-07 13:10:00,AWS-S01,21.65,1010.0,87.83
2026-09-07 13:15:00,AWS-S01,21.54,1011.03,88.04
2026-09-07 13:20:00,AWS-S01,20.79,1010.19,85.6
2026-09-07 13:25:00,AWS-S01,20.87,1010.83,86.77
2026-09-07 13:30:00,AWS-S01,20.86,1010.42,89.11
2026-09-07 13:35:00,AWS-S01,20.7,1011.03,88.77
2026-09-07 13:40:00,AWS-S01,20.9,1010.84,85.47
2026-09-07 13:45:00,AWS-S01,20.54,1010.25,88.14
2026-09-07 13:50:00,AWS-S01,20.39,1011.1,84.73
2026-09-07 13:55:00,AWS-S01,20.98,1010.73,87.84
2026-09-07 14:00:00,AWS-S01,20.97,1011.35,90.68
2026-09-07 14:05:00,AWS-S01,20.45,1011.03,86.46
2026-09-07 14:10:00,AWS-S01,21.03,1011.22,86.67
2026-09-07 14:15:00,AWS-S01,20.49,1010.7,89.1
2026-09-07 14:20:00,AWS-S01,20.79,1010.87,85.67
2026-09-07 14:25:00,AWS-S01,20.99,1010.95,87.05
2026-09-07 14:30:00,AWS-S01,20.69,1011.49,88.89
2026-09-07 14:35:00,AWS-S01,20.86,1011.84,87.04
2026-09-07 14:40:00,AWS-S01,20.52,1010.86,87.63
2026-09-07 14:45:00,AWS-S01,20.64,1011.62,89.07
2026-09-07 14:50:00,AWS-S01,20.65,1010.33,88.56
2026-09-07 14:55:00,AWS-S01,20.47,1010.72,88.28
2026-09-07 15:00:00,AWS-S01,20.69,1010.82,87.32
2026-09-07 15:05:00,AWS-S01,20.22,1010.66,88.32
2026-09-07 15:10:00,AWS-S01,20.61,1010.56,87.51
2026-09-07 15:15:00,AWS-S01,20.71,1011.35,88.3
2026-09-07 15:20:00,AWS-S01,20.74,1011.09,86.78
2026-09-07 15:25:00,AWS-S01,20.77,1011.32,87.15
2026-09-07 15:30:00,AWS-S01,20.87,1011.43,85.83
2026-09-07 15:35:00,AWS-S01,21.09,1011.24,87.15
2026-09-07 15:40:00,AWS-S01,21.26,1011.37,85.86
2026-09-07 15:45:00,AWS-S01,20.76,1011.06,85.27
2026-09-07 15:50:00,AWS-S01,20.61,1010.58,87.18
2026-09-07 15:55:00,AWS-S01,20.71,1011.45,86.96
2026-09-07 16:00:00,AWS-S01,20.95,1010.76,87.65
2026-09-07 16:05:00,AWS-S01,21.04,1010.59,85.66
2026-09-07 16:10:00,AWS-S01,20.95,1010.86,86.74
2026-09-07 16:15:00,AWS-S01,20.81,1010.52,86.76
2026-09-07 16:20:00,AWS-S01,21.16,1010.68,86.41
2026-09-07 16:25:00,AWS-S01,21.44,1010.94,84.3
2026-09-07 16:30:00,AWS-S01,21.65,1010.9,85.54
2026-09-07 16:35:00,AWS-S01,21.3,1010.35,85.64
2026-09-07 16:40:00,AWS-S01,21.42,1010.47,84.88
2026-09-07 16:45:00,AWS-S01,21.3,1011.04,81.5
2026-09-07 16:50:00,AWS-S01,21.68,1010.76,84.62
2026-09-07 16:55:00,AWS-S01,21.47,1011.34,87.45
2026-09-07 17:00:00,AWS-S01,22.04,1010.92,83.33
2026-09-07 17:05:00,AWS-S01,21.29,1010.85,82.51
2026-09-07 17:10:00,AWS-S01,21.86,1009.78,83.88
2026-09-07 17:15:00,AWS-S01,22.17,1010.58,83.51
2026-09-07 17:20:00,AWS-S01,22.21,1010.19,84.53
2026-09-07 17:25:00,AWS-S01,23.17,1009.93,80.56
2026-09-07 17:30:00,AWS-S01,22.43,1010.16,83.24
2026-09-07 17:35:00,AWS-S01,22.05,1010.4,82.72
2026-09-07 17:40:00,AWS-S01,22.45,1010.16,81.3
2026-09-07 17:45:00,AWS-S01,21.95,1009.54,81.69
2026-09-07 17:50:00,AWS-S01,22.64,1010.13,82.4
2026-09-07 17:55:00,AWS-S01,22.47,1009.51,81.83
2026-09-07 18:00:00,AWS-S01,23.17,1009.79,78.46
2026-09-07 18:05:00,AWS-S01,22.76,1009.51,81.06
2026-09-07 18:10:00,AWS-S01,23.0,1009.48,79.37
2026-09-07 18:15:00,AWS-S01,22.92,1009.81,79.22
2026-09-07 18:20:00,AWS-S01,23.85,1009.02,78.86
2026-09-07 18:25:00,AWS-S01,23.23,1010.15,78.15
2026-09-07 18:30:00,AWS-S01,24.09,1008.58,79.79
2026-09-07 18:35:00,AWS-S01,23.84,1009.01,77.49
2026-09-07 18:40:00,AWS-S01,23.83,1009.34,75.56
2026-09-07 18:45:00,AWS-S01,23.9,1009.36,76.26
2026-09-07 18:50:00,AWS-S01,24.01,1009.03,76.72
2026-09-07 18:55:00,AWS-S01,23.31,1008.98,77.9
2026-09-07 19:00:00,AWS-S01,24.0,1009.11,76.56
2026-09-07 19:05:00,AWS-S01,24.5,1008.8,73.97
2026-09-07 19:10:00,AWS-S01,24.3,1009.4,78.57
2026-09-07 19:15:00,AWS-S01,23.94,1009.12,74.83
2026-09-07 19:20:00,AWS-S01,24.53,1009.08,75.93
2026-09-07 19:25:00,AWS-S01,25.26,1008.3,73.37
2026-09-07 19:30:00,AWS-S01,25.21,1008.61,73.98
2026-09-07 19:35:00,AWS-S01,24.87,1008.47,74.01
2026-09-07 19:40:00,AWS-S01,25.34,1008.15,74.16
2026-09-07 19:45:00,AWS-S01,25.0,1008.65,73.49
2026-09-07 19:50:00,AWS-S01,24.65,1008.26,72.78
2026-09-07 19:55:00,AWS-S01,25.04,1008.7,70.57
2026-09-07 20:00:00,AWS-S01,26.03,1007.97,69.75
2026-09-07 20:05:00,AWS-S01,25.51,1009.06,70.68
2026-09-07 20:10:00,AWS-S01,25.64,1007.98,71.14
2026-09-07 20:15:00,AWS-S01,25.74,1008.4,68.97
2026-09-07 20:20:00,AWS-S01,26.63,1008.61,70.47
2026-09-07 20:25:00,AWS-S01,26.65,1008.04,70.62
2026-09-07 20:30:00,AWS-S01,26.98,1008.59,66.63
2026-09-07 20:35:00,AWS-S01,26.26,1007.74,66.31
2026-09-07 20:40:00,AWS-S01,26.54,1008.8,66.92
2026-09-07 20:45:00,AWS-S01,26.03,1008.22,67.15
2026-09-07 20:50:00,AWS-S01,27.2,1007.97,65.47
2026-09-07 20:55:00,AWS-S01,26.39,1008.08,67.85
2026-09-07 21:00:00,AWS-S01,26.99,1008.52,66.03
2026-09-07 21:05:00,AWS-S01,26.65,1007.97,65.02
2026-09-07 21:10:00,AWS-S01,26.95,1007.91,62.37
2026-09-07 21:15:00,AWS-S01,26.98,1008.12,62.12
2026-09-07 21:20:00,AWS-S01,27.18,1007.75,64.09
2026-09-07 21:25:00,AWS-S01,27.32,1008.96,60.05
2026-09-07 21:30:00,AWS-S01,27.43,1008.02,64.34
2026-09-07 21:35:00,AWS-S01,28.03,1008.6,62.17
2026-09-07 21:40:00,AWS-S01,27.47,1008.37,66.85
2026-09-07 21:45:00,AWS-S01,28.05,1007.92,65.03
2026-09-07 21:50:00,AWS-S01,28.51,1008.34,60.89
2026-09-07 21:55:00,AWS-S01,28.01,1008.68,60.59
2026-09-07 22:00:00,AWS-S01,28.05,1008.33,61.84
2026-09-07 22:05:00,AWS-S01,28.33,1008.91,62.5
2026-09-07 22:10:00,AWS-S01,28.94,1008.88,57.09
2026-09-07 22:15:00,AWS-S01,28.7,1008.88,56.47
2026-09-07 22:20:00,AWS-S01,28.55,1008.37,57.83
2026-09-07 22:25:00,AWS-S01,29.01,1008.16,59.25
2026-09-07 22:30:00,AWS-S01,28.56,1008.39,58.75
2026-09-07 22:35:00,AWS-S01,29.29,1008.77,59.23
2026-09-07 22:40:00,AWS-S01,29.3,1008.95,55.45
2026-09-07 22:45:00,AWS-S01,29.15,1007.92,53.41
2026-09-07 22:50:00,AWS-S01,29.06,1008.84,57.82
2026-09-07 22:55:00,AWS-S01,29.14,1008.96,54.93
2026-09-07 23:00:00,AWS-S01,29.74,1008.84,52.8
2026-09-07 23:05:00,AWS-S01,30.07,1009.52,55.7
2026-09-07 23:10:00,AWS-S01,29.51,1009.23,56.33
2026-09-07 23:15:00,AWS-S01,29.99,1009.65,54.63
2026-09-07 23:20:00,AWS-S01,29.19,1009.1,53.8
2026-09-07 23:25:00,AWS-S01,29.8,1009.62,53.93
2026-09-07 23:30:00,AWS-S01,30.08,1009.97,53.3
2026-09-07 23:35:00,AWS-S01,29.85,1009.9,51.53
2026-09-07 23:40:00,AWS-S01,29.93,1009.0,52.18
2026-09-07 23:45:00,AWS-S01,30.1,1009.4,53.75
2026-09-07 23:50:00,AWS-S01,30.52,1009.43,53.16
2026-09-07 23:55:00,AWS-S01,30.42,1009.83,52.65
2026-09-08 00:00:00,AWS-S01,29.78,1009.97,50.64
2026-09-08 00:05:00,AWS-S01,29.89,1009.43,51.6
2026-09-08 00:10:00,AWS-S01,30.49,1009.86,48.35
2026-09-08 00:15:00,AWS-S01,30.93,1009.09,51.64
2026-09-08 00:20:00,AWS-S01,29.88,1010.54,53.28
2026-09-08 00:25:00,AWS-S01,30.73,1009.82,48.69
2026-09-08 00:30:00,AWS-S01,30.78,1010.11,49.8
2026-09-08 00:35:00,AWS-S01,31.51,1010.03,50.96
2026-09-08 00:40:00,AWS-S01,30.94,1010.67,52.14
2026-09-08 00:45:00,AWS-S01,31.27,1009.14,49.39
2026-09-08 00:50:00,AWS-S01,31.23,1010.33,48.84
2026-09-08 00:55:00,AWS-S01,30.49,1010.35,46.74
2026-09-08 01:00:00,AWS-S01,31.55,1010.27,49.68
2026-09-08 01:05:00,AWS-S01,31.4,1011.2,52.42
2026-09-08 01:10:00,AWS-S01,31.55,1010.21,49.62
2026-09-08 01:15:00,AWS-S01,32.78,1010.92,49.03
2026-09-08 01:20:00,AWS-S01,30.72,1010.81,49.41
2026-09-08 01:25:00,AWS-S01,32.08,1011.22,48.78
2026-09-08 01:30:00,AWS-S01,31.41,1010.49,47.46
2026-09-08 01:35:00,AWS-S01,31.64,1010.51,49.81
2026-09-08 01:40:00,AWS-S01,31.55,1011.29,48.81
2026-09-08 01:45:00,AWS-S01,31.45,1011.06,48.41
2026-09-08 01:50:00,AWS-S01,31.42,1010.31,46.84
2026-09-08 01:55:00,AWS-S01,31.75,1010.75,50.19
2026-09-08 02:00:00,AWS-S01,31.12,1011.15,49.17
2026-09-08 02:05:00,AWS-S01,31.93,1011.37,47.29
2026-09-08 02:10:00,AWS-S01,31.53,1010.79,49.58
2026-09-08 02:15:00,AWS-S01,31.29,1009.92,47.3
2026-09-08 02:20:00,AWS-S01,31.54,1011.32,46.85
2026-09-08 02:25:00,AWS-S01,32.14,1010.64,46.87
2026-09-08 02:30:00,AWS-S01,31.51,1010.34,45.34
2026-09-08 02:35:00,AWS-S01,31.82,1010.03,48.71
2026-09-08 02:40:00,AWS-S01,31.44,1011.5,45.27
2026-09-08 02:45:00,AWS-S01,31.95,1011.24,46.2
2026-09-08 02:50:00,AWS-S01,31.92,1011.1,44.96
2026-09-08 02:55:00,AWS-S01,32.31,1011.75,47.99
2026-09-08 03:00:00,AWS-S01,31.59,1011.45,47.95
2026-09-08 03:05:00,AWS-S01,31.87,1011.85,47.74
2026-09-08 03:10:00,AWS-S01,31.65,1010.64,46.74
2026-09-08 03:15:00,AWS-S01,32.05,1011.17,46.63
2026-09-08 03:20:00,AWS-S01,31.32,1010.53,49.17
2026-09-08 03:25:00,AWS-S01,31.8,1011.07,47.75
2026-09-08 03:30:00,AWS-S01,31.44,1011.05,49.16
2026-09-08 03:35:00,AWS-S01,31.46,1011.38,47.47
2026-09-08 03:40:00,AWS-S01,31.48,1011.13,49.2
2026-09-08 03:45:00,AWS-S01,31.5,1011.34,51.02
2026-09-08 03:50:00,AWS-S01,31.33,1011.34,50.09
2026-09-08 03:55:00,AWS-S01,31.4,1011.89,48.74
2026-09-08 04:00:00,AWS-S01,31.83,1010.87,49.91
2026-09-08 04:05:00,AWS-S01,31.58,1010.59,49.33
2026-09-08 04:10:00,AWS-S01,31.49,1011.03,49.89
2026-09-08 04:15:00,AWS-S01,30.97,1010.57,49.57
2026-09-08 04:20:00,AWS-S01,30.77,1011.44,50.01
2026-09-08 04:25:00,AWS-S01,31.36,1010.69,50.78
2026-09-08 04:30:00,AWS-S01,31.27,1010.53,49.19
2026-09-08 04:35:00,AWS-S01,31.42,1010.52,49.38
2026-09-08 04:40:00,AWS-S01,30.63,1010.95,49.05
2026-09-08 04:45:00,AWS-S01,30.69,1010.55,48.97
2026-09-08 04:50:00,AWS-S01,30.13,1010.3,49.79
2026-09-08 04:55:00,AWS-S01,30.5,1011.17,52.11
2026-09-08 05:00:00,AWS-S01,30.91,1010.11,50.79
2026-09-08 05:05:00,AWS-S01,30.33,1010.41,53.17
2026-09-08 05:10:00,AWS-S01,30.64,1010.59,52.73
2026-09-08 05:15:00,AWS-S01,30.27,1009.62,50.01
2026-09-08 05:20:00,AWS-S01,30.37,1010.41,54.24
2026-09-08 05:25:00,AWS-S01,29.77,1009.73,54.77
2026-09-08 05:30:00,AWS-S01,30.12,1010.42,52.37
2026-09-08 05:35:00,AWS-S01,28.96,1009.64,54.8
2026-09-08 05:40:00,AWS-S01,29.85,1010.24,53.2
2026-09-08 05:45:00,AWS-S01,29.26,1010.34,54.96
2026-09-08 05:50:00,AWS-S01,30.16,1010.18,53.25
2026-09-08 05:55:00,AWS-S01,29.91,1009.87,52.79
2026-09-08 06:00:00,AWS-S01,29.71,1009.61,55.25
2026-09-08 06:05:00,AWS-S01,29.98,1009.4,55.99
2026-09-08 06:10:00,AWS-S01,29.02,1010.16,55.93
2026-09-08 06:15:00,AWS-S01,29.87,1009.22,55.11
2026-09-08 06:20:00,AWS-S01,29.48,1009.02,56.65
2026-09-08 06:25:00,AWS-S01,28.97,1009.64,58.03
2026-09-08 06:30:00,AWS-S01,29.35,1008.99,57.93
2026-09-08 06:35:00,AWS-S01,28.46,1008.87,58.65
2026-09-08 06:40:00,AWS-S01,28.45,1008.61,57.76
2026-09-08 06:45:00,AWS-S01,28.42,1008.93,60.91
2026-09-08 06:50:00,AWS-S01,28.34,1009.03,57.78
2026-09-08 06:55:00,AWS-S01,28.05,1009.1,60.68
2026-09-08 07:00:00,AWS-S01,28.73,1009.33,62.12
2026-09-08 07:05:00,AWS-S01,28.1,1009.1,61.47
2026-09-08 07:10:00,AWS-S01,28.2,1008.76,60.86
2026-09-08 07:15:00,AWS-S01,27.77,1008.71,60.78
2026-09-08 07:20:00,AWS-S01,27.22,1008.94,63.54
2026-09-08 07:25:00,AWS-S01,27.83,1009.2,60.27
2026-09-08 07:30:00,AWS-S01,26.95,1008.69,61.37
2026-09-08 07:35:00,AWS-S01,27.48,1008.41,62.65
2026-09-08 07:40:00,AWS-S01,26.91,1008.15,65.53
2026-09-08 07:45:00,AWS-S01,27.97,1007.93,64.67
2026-09-08 07:50:00,AWS-S01,27.47,1008.74,63.07
2026-09-08 07:55:00,AWS-S01,27.07,1008.67,64.49
2026-09-08 08:00:00,AWS-S01,27.36,1008.63,64.47
2026-09-08 08:05:00,AWS-S01,26.5,1008.32,64.76
2026-09-08 08:10:00,AWS-S01,26.87,1008.9,67.73
2026-09-08 08:15:00,AWS-S01,26.63,1008.12,64.63
2026-09-08 08:20:00,AWS-S01,26.53,1008.67,69.54
2026-09-08 08:25:00,AWS-S01,26.77,1008.25,68.81
2026-09-08 08:30:00,AWS-S01,26.46,1008.01,69.64
2026-09-08 08:35:00,AWS-S01,26.18,1008.47,67.74
2026-09-08 08:40:00,AWS-S01,25.38,1008.39,68.65
2026-09-08 08:45:00,AWS-S01,25.5,1008.36,67.16
2026-09-08 08:50:00,AWS-S01,25.68,1008.24,68.96
2026-09-08 08:55:00,AWS-S01,25.63,1008.19,70.92
2026-09-08 09:00:00,AWS-S01,25.09,1009.16,72.55
2026-09-08 09:05:00,AWS-S01,26.21,1008.68,69.38
2026-09-08 09:10:00,AWS-S01,25.78,1008.49,70.92
2026-09-08 09:15:00,AWS-S01,25.34,1008.26,71.67
2026-09-08 09:20:00,AWS-S01,25.03,1008.63,70.24
2026-09-08 09:25:00,AWS-S01,24.82,1008.44,73.64
2026-09-08 09:30:00,AWS-S01,24.44,1008.26,72.09
2026-09-08 09:35:00,AWS-S01,24.69,1008.15,73.3
2026-09-08 09:40:00,AWS-S01,24.64,1008.26,73.34
2026-09-08 09:45:00,AWS-S01,24.0,1007.05,73.24
2026-09-08 09:50:00,AWS-S01,24.44,1008.42,74.83
2026-09-08 09:55:00,AWS-S01,24.15,1008.17,74.93
2026-09-08 10:00:00,AWS-S01,23.43,1009.04,75.1
2026-09-08 10:05:00,AWS-S01,23.68,1008.44,74.96
2026-09-08 10:10:00,AWS-S01,23.73,1008.0,76.93
2026-09-08 10:15:00,AWS-S01,24.43,1008.49,79.33
2026-09-08 10:20:00,AWS-S01,23.86,1008.13,77.44
2026-09-08 10:25:00,AWS-S01,23.09,1008.78,79.11
2026-09-08 10:30:00,AWS-S01,23.62,1008.76,75.91
2026-09-08 10:35:00,AWS-S01,22.81,1009.07,78.61
2026-09-08 10:40:00,AWS-S01,23.62,1008.42,77.1
2026-09-08 10:45:00,AWS-S01,22.98,1008.8,76.9
2026-09-08 10:50:00,AWS-S01,23.01,1008.29,78.36
2026-09-08 10:55:00,AWS-S01,23.41,1009.17,81.61
2026-09-08 11:00:00,AWS-S01,22.4,1009.16,81.6
2026-09-08 11:05:00,AWS-S01,22.27,1009.21,80.88
2026-09-08 11:10:00,AWS-S01,22.46,1009.07,78.56
2026-09-08 11:15:00,AWS-S01,22.94,1009.29,80.89
2026-09-08 11:20:00,AWS-S01,21.95,1009.83,81.96
2026-09-08 11:25:00,AWS-S01,21.41,1009.13,82.09
2026-09-08 11:30:00,AWS-S01,22.15,1009.37,79.38
2026-09-08 11:35:00,AWS-S01,22.42,1008.94,81.11
2026-09-08 11:40:00,AWS-S01,22.57,1009.09,82.65
2026-09-08 11:45:00,AWS-S01,21.9,1009.54,83.84
2026-09-08 11:50:00,AWS-S01,21.84,1010.01,80.03
2026-09-08 11:55:00,AWS-S01,22.31,1009.53,83.35
2026-09-08 12:00:00,AWS-S01,21.18,1009.61,84.08
2026-09-08 12:05:00,AWS-S01,21.63,1009.6,85.4
2026-09-08 12:10:00,AWS-S01,21.76,1009.62,85.42
2026-09-08 12:15:00,AWS-S01,21.78,1010.01,85.5
2026-09-08 12:20:00,AWS-S01,21.38,1009.36,83.67
2026-09-08 12:25:00,AWS-S01,21.51,1010.54,82.24
2026-09-08 12:30:00,AWS-S01,20.57,1009.82,84.73
2026-09-08 12:35:00,AWS-S01,21.15,1010.44,87.04
2026-09-08 12:40:00,AWS-S01,21.48,1009.71,87.83
2026-09-08 12:45:00,AWS-S01,20.92,1010.54,87.0
2026-09-08 12:50:00,AWS-S01,21.24,1010.6,86.77
2026-09-08 12:55:00,AWS-S01,21.32,1010.55,86.88
2026-09-08 13:00:00,AWS-S01,21.0,1010.05,85.64
2026-09-08 13:05:00,AWS-S01,21.13,1010.61,86.45
2026-09-08 13:10:00,AWS-S01,20.69,1010.09,89.3
2026-09-08 13:15:00,AWS-S01,20.92,1010.51,85.52
2026-09-08 13:20:00,AWS-S01,21.17,1011.08,89.5
2026-09-08 13:25:00,AWS-S01,20.97,1011.03,86.72
2026-09-08 13:30:00,AWS-S01,20.68,1010.77,89.31
2026-09-08 13:35:00,AWS-S01,20.94,1010.42,85.32
2026-09-08 13:40:00,AWS-S01,21.08,1011.11,88.4
2026-09-08 13:45:00,AWS-S01,20.09,1010.9,86.51
2026-09-08 13:50:00,AWS-S01,21.19,1010.0,85.57
2026-09-08 13:55:00,AWS-S01,20.65,1011.28,88.1
2026-09-08 14:00:00,AWS-S01,20.9,1010.99,89.34
2026-09-08 14:05:00,AWS-S01,21.15,1011.51,86.61
2026-09-08 14:10:00,AWS-S01,20.24,1010.62,85.68
2026-09-08 14:15:00,AWS-S01,20.46,1009.82,87.82
2026-09-08 14:20:00,AWS-S01,20.6,1011.22,87.85
2026-09-08 14:25:00,AWS-S01,20.43,1011.25,88.82
2026-09-08 14:30:00,AWS-S01,21.31,1010.47,89.42
2026-09-08 14:35:00,AWS-S01,20.4,1010.77,87.91
2026-09-08 14:40:00,AWS-S01,20.51,1012.28,90.76
2026-09-08 14:45:00,AWS-S01,20.78,1011.06,88.29
2026-09-08 14:50:00,AWS-S01,20.3,1011.49,87.4
2026-09-08 14:55:00,AWS-S01,20.59,1010.94,85.46
2026-09-08 15:00:00,AWS-S01,20.86,1010.36,87.43
2026-09-08 15:05:00,AWS-S01,20.65,1011.13,87.26
2026-09-08 15:10:00,AWS-S01,20.75,1011.09,89.14
2026-09-08 15:15:00,AWS-S01,20.62,1011.03,88.31
2026-09-08 15:20:00,AWS-S01,20.3,1011.13,85.76
2026-09-08 15:25:00,AWS-S01,20.97,1011.27,87.69
2026-09-08 15:30:00,AWS-S01,21.5,1011.09,88.33
2026-09-08 15:35:00,AWS-S01,20.93,1010.62,89.49
2026-09-08 15:40:00,AWS-S01,21.03,1011.3,88.41
2026-09-08 15:45:00,AWS-S01,21.23,1010.31,88.08
2026-09-08 15:50:00,AWS-S01,20.59,1010.24,86.88
2026-09-08 15:55:00,AWS-S01,21.67,1011.33,87.22
2026-09-08 16:00:00,AWS-S01,21.19,1011.2,88.35
2026-09-08 16:05:00,AWS-S01,21.74,1010.94,84.31
2026-09-08 16:10:00,AWS-S01,20.96,1010.37,85.6
2026-09-08 16:15:00,AWS-S01,21.9,1010.61,84.78
2026-09-08 16:20:00,AWS-S01,21.59,1010.74,86.31
2026-09-08 16:25:00,AWS-S01,21.57,1010.17,87.38
2026-09-08 16:30:00,AWS-S01,21.52,1010.47,84.43
2026-09-08 16:35:00,AWS-S01,21.41,1010.97,81.51
2026-09-08 16:40:00,AWS-S01,21.98,1011.24,84.25
2026-09-08 16:45:00,AWS-S01,21.68,1010.45,86.0
2026-09-08 16:50:00,AWS-S01,21.01,1010.86,85.19
2026-09-08 16:55:00,AWS-S01,21.37,1009.74,84.77
2026-09-08 17:00:00,AWS-S01,21.77,1010.71,83.45
2026-09-08 17:05:00,AWS-S01,22.02,1010.07,81.68
2026-09-08 17:10:00,AWS-S01,21.97,1010.46,84.09
2026-09-08 17:15:00,AWS-S01,22.49,1010.17,81.79
2026-09-08 17:20:00,AWS-S01,21.46,1010.74,86.02
2026-09-08 17:25:00,AWS-S01,22.28,1009.8,83.3
2026-09-08 17:30:00,AWS-S01,21.67,1010.34,81.27
2026-09-08 17:35:00,AWS-S01,22.66,1009.91,80.91
2026-09-08 17:40:00,AWS-S01,22.45,1009.9,81.37
2026-09-08 17:45:00,AWS-S01,22.72,1009.82,80.83
2026-09-08 17:50:00,AWS-S01,22.36,1009.49,82.53
2026-09-08 17:55:00,AWS-S01,23.21,1009.76,80.8
2026-09-08 18:00:00,AWS-S01,23.22,1009.67,79.08
2026-09-08 18:05:00,AWS-S01,23.15,1009.73,82.66
2026-09-08 18:10:00,AWS-S01,23.0,1009.6,79.55
2026-09-08 18:15:00,AWS-S01,23.35,1009.82,80.26
2026-09-08 18:20:00,AWS-S01,23.0,1009.81,77.83
2026-09-08 18:25:00,AWS-S01,23.65,1008.96,78.92
2026-09-08 18:30:00,AWS-S01,24.03,1009.66,78.47
2026-09-08 18:35:00,AWS-S01,23.93,1008.77,74.79
2026-09-08 18:40:00,AWS-S01,23.41,1009.42,80.26
2026-09-08 18:45:00,AWS-S01,23.89,1009.37,78.78
2026-09-08 18:50:00,AWS-S01,23.42,1008.3,75.86
2026-09-08 18:55:00,AWS-S01,24.19,1009.04,74.4
2026-09-08 19:00:00,AWS-S01,24.25,1008.76,76.18
2026-09-08 19:05:00,AWS-S01,23.55,1008.59,75.38
2026-09-08 19:10:00,AWS-S01,23.91,1009.38,75.37
2026-09-08 19:15:00,AWS-S01,24.33,1008.53,74.72
2026-09-08 19:20:00,AWS-S01,24.44,1008.41,74.77
2026-09-08 19:25:00,AWS-S01,24.24,1008.72,75.77
2026-09-08 19:30:00,AWS-S01,24.91,1008.91,74.03
2026-09-08 19:35:00,AWS-S01,24.98,1008.54,71.18
2026-09-08 19:40:00,AWS-S01,24.94,1009.02,74.37
2026-09-08 19:45:00,AWS-S01,24.86,1008.72,74.36
2026-09-08 19:50:00,AWS-S01,25.61,1007.6,76.2
2026-09-08 19:55:00,AWS-S01,25.94,1008.22,69.36
2026-09-08 20:00:00,AWS-S01,25.31,1008.18,70.97
2026-09-08 20:05:00,AWS-S01,25.39,1008.56,67.05
2026-09-08 20:10:00,AWS-S01,25.89,1007.29,70.57
2026-09-08 20:15:00,AWS-S01,25.71,1009.33,68.49
2026-09-08 20:20:00,AWS-S01,25.91,1008.5,71.76
2026-09-08 20:25:00,AWS-S01,26.34,1008.33,67.27
2026-09-08 20:30:00,AWS-S01,25.53,1008.72,65.47
2026-09-08 20:35:00,AWS-S01,26.78,1009.17,66.86
2026-09-08 20:40:00,AWS-S01,26.47,1008.57,64.16
2026-09-08 20:45:00,AWS-S01,26.42,1008.59,67.82
2026-09-08 20:50:00,AWS-S01,26.65,1008.26,63.16
2026-09-08 20:55:00,AWS-S01,26.79,1008.14,65.87
2026-09-08 21:00:00,AWS-S01,26.31,1008.01,62.27
2026-09-08 21:05:00,AWS-S01,27.56,1007.87,64.48
2026-09-08 21:10:00,AWS-S01,27.17,1007.93,66.99
2026-09-08 21:15:00,AWS-S01,27.43,1007.67,64.64
2026-09-08 21:20:00,AWS-S01,27.72,1008.19,62.38
2026-09-08 21:25:00,AWS-S01,27.15,1007.56,63.2
2026-09-08 21:30:00,AWS-S01,27.79,1008.33,62.85
2026-09-08 21:35:00,AWS-S01,27.65,1008.25,63.11
2026-09-08 21:40:00,AWS-S01,28.15,1008.35,59.94
2026-09-08 21:45:00,AWS-S01,27.22,1008.11,62.46
2026-09-08 21:50:00,AWS-S01,28.05,1009.57,57.1
2026-09-08 21:55:00,AWS-S01,27.98,1008.91,59.81
2026-09-08 22:00:00,AWS-S01,28.46,1007.9,59.61
2026-09-08 22:05:00,AWS-S01,28.58,1008.53,60.9
2026-09-08 22:10:00,AWS-S01,28.28,1008.23,59.58
2026-09-08 22:15:00,AWS-S01,28.38,1008.1,57.05
2026-09-08 22:20:00,AWS-S01,28.7,1008.01,57.29
2026-09-08 22:25:00,AWS-S01,28.53,1008.77,58.68
2026-09-08 22:30:00,AWS-S01,29.24,1008.37,57.88
2026-09-08 22:35:00,AWS-S01,28.92,1009.07,56.76
2026-09-08 22:40:00,AWS-S01,28.14,1009.13,56.53
2026-09-08 22:45:00,AWS-S01,29.12,1009.34,57.93
2026-09-08 22:50:00,AWS-S01,28.99,1008.5,55.75
2026-09-08 22:55:00,AWS-S01,28.88,1009.08,56.04
2026-09-08 23:00:00,AWS-S01,29.12,1009.2,59.08
2026-09-08 23:05:00,AWS-S01,29.68,1008.82,53.35
2026-09-08 23:10:00,AWS-S01,30.2,1008.76,52.37
2026-09-08 23:15:00,AWS-S01,29.94,1009.77,55.99
2026-09-08 23:20:00,AWS-S01,29.7,1009.28,53.47
2026-09-08 23:25:00,AWS-S01,30.16,1009.5,53.69
2026-09-08 23:30:00,AWS-S01,29.93,1008.98,52.69
2026-09-08 23:35:00,AWS-S01,29.93,1008.89,53.16
2026-09-08 23:40:00,AWS-S01,29.85,1009.21,55.65
2026-09-08 23:45:00,AWS-S01,29.72,1009.45,54.17
2026-09-08 23:50:00,AWS-S01,30.28,1009.14,53.97
2026-09-08 23:55:00,AWS-S01,30.54,1009.63,50.28
2026-09-09 00:00:00,AWS-S01,30.53,1009.02,50.41
2026-09-09 00:05:00,AWS-S01,30.49,1009.32,47.61
2026-09-09 00:10:00,AWS-S01,30.37,1010.1,50.4
2026-09-09 00:15:00,AWS-S01,30.99,1010.14,52.81
2026-09-09 00:20:00,AWS-S01,30.38,1009.8,51.91
2026-09-09 00:25:00,AWS-S01,31.17,1009.62,50.57
2026-09-09 00:30:00,AWS-S01,30.61,1009.68,50.65
2026-09-09 00:35:00,AWS-S01,30.76,1010.0,49.43
2026-09-09 00:40:00,AWS-S01,30.57,1010.47,50.57
2026-09-09 00:45:00,AWS-S01,30.96,1010.65,51.21
2026-09-09 00:50:00,AWS-S01,31.53,1010.14,47.45
2026-09-09 00:55:00,AWS-S01,31.41,1009.93,50.14
2026-09-09 01:00:00,AWS-S01,31.62,1010.56,50.92
2026-09-09 01:05:00,AWS-S01,31.51,1010.18,48.74
2026-09-09 01:10:00,AWS-S01,30.98,1010.35,50.26
2026-09-09 01:15:00,AWS-S01,31.29,1011.14,53.28
2026-09-09 01:20:00,AWS-S01,31.17,1011.0,48.77
2026-09-09 01:25:00,AWS-S01,31.95,1010.78,49.39
2026-09-09 01:30:00,AWS-S01,31.09,1010.25,47.57
2026-09-09 01:35:00,AWS-S01,31.86,1010.89,48.85
2026-09-09 01:40:00,AWS-S01,31.88,1011.27,49.16
2026-09-09 01:45:00,AWS-S01,32.23,1010.74,48.68
2026-09-09 01:50:00,AWS-S01,31.47,1011.47,46.77
2026-09-09 01:55:00,AWS-S01,31.89,1011.48,48.54
2026-09-09 02:00:00,AWS-S01,32.45,1011.66,50.36
2026-09-09 02:05:00,AWS-S01,31.45,1011.15,48.79
2026-09-09 02:10:00,AWS-S01,31.14,1011.29,49.52
2026-09-09 02:15:00,AWS-S01,31.03,1011.65,47.69
2026-09-09 02:20:00,AWS-S01,31.94,1011.29,49.14
2026-09-09 02:25:00,AWS-S01,31.04,1010.93,48.42
2026-09-09 02:30:00,AWS-S01,31.57,1010.97,46.57
2026-09-09 02:35:00,AWS-S01,31.85,1011.26,48.48
2026-09-09 02:40:00,AWS-S01,31.76,1010.66,46.53
2026-09-09 02:45:00,AWS-S01,31.84,1011.13,47.09
2026-09-09 02:50:00,AWS-S01,31.76,1011.63,48.36
2026-09-09 02:55:00,AWS-S01,32.11,1010.32,48.56
2026-09-09 03:00:00,AWS-S01,31.32,1011.81,46.39
2026-09-09 03:05:00,AWS-S01,31.4,1011.65,49.81
2026-09-09 03:10:00,AWS-S01,31.35,1011.01,49.16
2026-09-09 03:15:00,AWS-S01,31.88,1011.4,47.33
2026-09-09 03:20:00,AWS-S01,31.88,1011.18,46.17
2026-09-09 03:25:00,AWS-S01,31.7,1011.66,48.36
2026-09-09 03:30:00,AWS-S01,31.93,1011.54,48.01
2026-09-09 03:35:00,AWS-S01,31.07,1010.57,48.97
2026-09-09 03:40:00,AWS-S01,32.03,1011.34,48.38
2026-09-09 03:45:00,AWS-S01,31.94,1011.0,46.05
2026-09-09 03:50:00,AWS-S01,31.63,1011.09,48.62
2026-09-09 03:55:00,AWS-S01,31.95,1010.74,48.9
2026-09-09 04:00:00,AWS-S01,30.7,1011.7,50.47
2026-09-09 04:05:00,AWS-S01,31.05,1011.38,48.65
2026-09-09 04:10:00,AWS-S01,30.93,1010.63,52.39
2026-09-09 04:15:00,AWS-S01,31.39,1010.36,47.2
2026-09-09 04:20:00,AWS-S01,30.71,1010.69,52.23
2026-09-09 04:25:00,AWS-S01,31.29,1010.98,50.13
2026-09-09 04:30:00,AWS-S01,31.44,1010.86,51.97
2026-09-09 04:35:00,AWS-S01,31.15,1011.21,51.02
2026-09-09 04:40:00,AWS-S01,30.94,1010.98,52.84
2026-09-09 04:45:00,AWS-S01,30.43,1011.0,50.79
2026-09-09 04:50:00,AWS-S01,30.41,1010.69,49.97
2026-09-09 04:55:00,AWS-S01,31.07,1009.95,54.0
2026-09-09 05:00:00,AWS-S01,30.84,1010.37,51.96
2026-09-09 05:05:00,AWS-S01,30.48,1010.82,52.73
2026-09-09 05:10:00,AWS-S01,30.27,1010.31,54.53
2026-09-09 05:15:00,AWS-S01,29.63,1010.48,51.42
2026-09-09 05:20:00,AWS-S01,29.88,1010.09,54.15
2026-09-09 05:25:00,AWS-S01,30.84,1009.74,52.67
2026-09-09 05:30:00,AWS-S01,29.64,1010.04,53.66
2026-09-09 05:35:00,AWS-S01,30.07,1010.15,54.28
2026-09-09 05:40:00,AWS-S01,30.27,1009.7,52.24
2026-09-09 05:45:00,AWS-S01,29.39,1009.8,53.64
2026-09-09 05:50:00,AWS-S01,29.8,1009.45,57.17
2026-09-09 05:55:00,AWS-S01,29.97,1010.21,56.81
2026-09-09 06:00:00,AWS-S01,29.55,1009.58,55.73
2026-09-09 06:05:00,AWS-S01,30.46,1010.22,56.54
2026-09-09 06:10:00,AWS-S01,28.77,1010.18,56.09
2026-09-09 06:15:00,AWS-S01,29.63,1009.47,58.92
2026-09-09 06:20:00,AWS-S01,29.09,1009.04,56.95
2026-09-09 06:25:00,AWS-S01,29.32,1008.54,57.97
2026-09-09 06:30:00,AWS-S01,29.1,1008.72,59.72
2026-09-09 06:35:00,AWS-S01,28.59,1008.7,57.21
2026-09-09 06:40:00,AWS-S01,28.82,1009.74,61.1
2026-09-09 06:45:00,AWS-S01,27.98,1009.17,56.86
2026-09-09 06:50:00,AWS-S01,28.74,1009.22,61.99
2026-09-09 06:55:00,AWS-S01,28.52,1008.12,59.39
2026-09-09 07:00:00,AWS-S01,28.53,1008.47,59.98
2026-09-09 07:05:00,AWS-S01,28.56,1009.25,57.92
2026-09-09 07:10:00,AWS-S01,28.21,1008.95,60.48
2026-09-09 07:15:00,AWS-S01,28.02,1008.73,60.01
2026-09-09 07:20:00,AWS-S01,27.55,1008.96,61.07
2026-09-09 07:25:00,AWS-S01,27.49,1009.34,62.2
2026-09-09 07:30:00,AWS-S01,28.04,1008.55,64.26
2026-09-09 07:35:00,AWS-S01,28.01,1008.62,63.56
2026-09-09 07:40:00,AWS-S01,27.31,1008.63,64.13
2026-09-09 07:45:00,AWS-S01,27.29,1009.47,62.45
2026-09-09 07:50:00,AWS-S01,26.84,1007.63,63.21
2026-09-09 07:55:00,AWS-S01,27.45,1008.71,67.66
2026-09-09 08:00:00,AWS-S01,27.15,1008.36,64.29
2026-09-09 08:05:00,AWS-S01,27.48,1008.6,68.31
2026-09-09 08:10:00,AWS-S01,26.37,1008.08,65.89
2026-09-09 08:15:00,AWS-S01,26.43,1008.29,66.7
2026-09-09 08:20:00,AWS-S01,26.52,1008.58,68.73
2026-09-09 08:25:00,AWS-S01,26.55,1009.51,69.47
2026-09-09 08:30:00,AWS-S01,26.12,1008.57,67.83
2026-09-09 08:35:00,AWS-S01,25.77,1007.9,67.85
2026-09-09 08:40:00,AWS-S01,26.27,1008.05,68.79
2026-09-09 08:45:00,AWS-S01,26.09,1008.03,69.81
2026-09-09 08:50:00,AWS-S01,25.4,1007.49,71.08
2026-09-09 08:55:00,AWS-S01,26.08,1008.07,70.18
2026-09-09 09:00:00,AWS-S01,25.89,1008.49,71.54
2026-09-09 09:05:00,AWS-S01,25.41,1007.69,73.5
2026-09-09 09:10:00,AWS-S01,25.27,1008.63,72.04
2026-09-09 09:15:00,AWS-S01,25.32,1008.41,72.37
2026-09-09 09:20:00,AWS-S01,24.71,1007.93,70.05
2026-09-09 09:25:00,AWS-S01,24.9,1008.18,68.81
2026-09-09 09:30:00,AWS-S01,24.02,1008.89,73.76
2026-09-09 09:35:00,AWS-S01,24.97,1008.56,73.45
2026-09-09 09:40:00,AWS-S01,24.0,1008.29,73.24
2026-09-09 09:45:00,AWS-S01,24.96,1008.22,74.79
2026-09-09 09:50:00,AWS-S01,24.2,1008.37,74.75
2026-09-09 09:55:00,AWS-S01,24.13,1008.16,76.94
2026-09-09 10:00:00,AWS-S01,23.88,1007.56,75.78
2026-09-09 10:05:00,AWS-S01,23.88,1009.25,74.93
2026-09-09 10:10:00,AWS-S01,24.37,1008.53,77.94
2026-09-09 10:15:00,AWS-S01,22.9,1008.67,76.52
2026-09-09 10:20:00,AWS-S01,24.11,1008.53,78.02
2026-09-09 10:25:00,AWS-S01,22.89354286469244,1007.26472381959,80.78228567653781
2026-09-09 10:30:00,AWS-S01,21.53,1006.56,84.53
2026-09-09 10:35:00,AWS-S01,20.84867965644036,1005.2215728752536,89.10660171779821
2026-09-09 10:40:00,AWS-S01,21.23192378864668,1006.1858983848622,91.76038105676658
2026-09-09 10:45:00,AWS-S01,19.912222521132797,1004.4262966948436,94.31888739433604
2026-09-09 10:50:00,AWS-S01,19.64,1004.43,94.07
2026-09-09 10:55:00,AWS-S01,20.4522225211328,1004.8562966948438,91.558887394336
2026-09-09 11:00:00,AWS-S01,20.371923788646683,1006.0058983848622,92.52038105676658
2026-09-09 11:05:00,AWS-S01,20.30867965644036,1006.1815728752538,92.3166017177982
2026-09-09 11:10:00,AWS-S01,21.24,1006.57,87.91
2026-09-09 11:15:00,AWS-S01,21.43354286469244,1008.59472381959,84.70228567653781
2026-09-09 11:20:00,AWS-S01,22.87,1009.48,82.99
2026-09-09 11:25:00,AWS-S01,22.77,1009.46,80.76
2026-09-09 11:30:00,AWS-S01,22.5,1009.6,79.83
2026-09-09 11:35:00,AWS-S01,22.35,1010.33,82.21
2026-09-09 11:40:00,AWS-S01,22.76,1010.31,82.02
2026-09-09 11:45:00,AWS-S01,22.06,1009.23,81.59
2026-09-09 11:50:00,AWS-S01,21.57,1010.22,83.06
2026-09-09 11:55:00,AWS-S01,22.07,1009.79,84.33
2026-09-09 12:00:00,AWS-S01,22.57,1009.9,83.85
2026-09-09 12:05:00,AWS-S01,21.41,1009.09,84.59
2026-09-09 12:10:00,AWS-S01,21.57,1009.76,87.1
2026-09-09 12:15:00,AWS-S01,21.77,1009.57,84.12
2026-09-09 12:20:00,AWS-S01,21.54,1010.29,85.29
2026-09-09 12:25:00,AWS-S01,21.15,1010.45,84.33
2026-09-09 12:30:00,AWS-S01,21.83,1009.26,84.05
2026-09-09 12:35:00,AWS-S01,22.19,1010.14,84.66
2026-09-09 12:40:00,AWS-S01,21.39,1010.66,85.02
2026-09-09 12:45:00,AWS-S01,20.95,1010.2,86.48
2026-09-09 12:50:00,AWS-S01,20.67,1010.63,89.65
2026-09-09 12:55:00,AWS-S01,21.26,1010.53,85.23
2026-09-09 13:00:00,AWS-S01,21.51,1010.59,85.85
2026-09-09 13:05:00,AWS-S01,21.24,1010.4,86.55
2026-09-09 13:10:00,AWS-S01,21.03,1010.07,87.39
2026-09-09 13:15:00,AWS-S01,20.79,1010.16,87.33
2026-09-09 13:20:00,AWS-S01,20.57,1010.95,89.0
2026-09-09 13:25:00,AWS-S01,21.21,1010.72,83.56
2026-09-09 13:30:00,AWS-S01,21.21,1010.71,83.74
2026-09-09 13:35:00,AWS-S01,20.32,1010.64,86.68
2026-09-09 13:40:00,AWS-S01,21.39,1010.73,89.17
2026-09-09 13:45:00,AWS-S01,21.01,1011.31,85.27
2026-09-09 13:50:00,AWS-S01,21.27,1010.79,83.18
2026-09-09 13:55:00,AWS-S01,20.29,1010.43,88.62
2026-09-09 14:00:00,AWS-S01,20.27,1011.3,88.19
2026-09-09 14:05:00,AWS-S01,20.68,1010.95,86.25
2026-09-09 14:10:00,AWS-S01,20.9,1011.07,86.45
2026-09-09 14:15:00,AWS-S01,21.34,1011.73,86.5
2026-09-09 14:20:00,AWS-S01,20.95,1011.1,88.15
2026-09-09 14:25:00,AWS-S01,20.62,1011.25,87.06
2026-09-09 14:30:00,AWS-S01,20.34,1010.68,88.74
2026-09-09 14:35:00,AWS-S01,21.13,1011.08,83.71
2026-09-09 14:40:00,AWS-S01,20.37,1011.42,86.7
2026-09-09 14:45:00,AWS-S01,21.28,1010.57,86.27
2026-09-09 14:50:00,AWS-S01,20.62,1011.27,87.54
2026-09-09 14:55:00,AWS-S01,21.29,1011.24,87.07
2026-09-09 15:00:00,AWS-S01,20.98,1011.22,89.03
2026-09-09 15:05:00,AWS-S01,20.72,1011.61,84.98
2026-09-09 15:10:00,AWS-S01,20.6,1011.33,87.76
2026-09-09 15:15:00,AWS-S01,20.69,1011.78,88.45
2026-09-09 15:20:00,AWS-S01,20.98,1010.78,90.31
2026-09-09 15:25:00,AWS-S01,20.88,1011.22,86.7
2026-09-09 15:30:00,AWS-S01,20.68,1011.18,87.81
2026-09-09 15:35:00,AWS-S01,20.86,1010.7,84.5
2026-09-09 15:40:00,AWS-S01,20.98,1011.49,83.49
2026-09-09 15:45:00,AWS-S01,20.25,1012.02,88.21
2026-09-09 15:50:00,AWS-S01,21.19,1011.05,86.79
2026-09-09 15:55:00,AWS-S01,20.73,1011.23,88.41
2026-09-09 16:00:00,AWS-S01,20.71,1011.03,84.42
2026-09-09 16:05:00,AWS-S01,20.58,1010.68,87.09
2026-09-09 16:10:00,AWS-S01,20.59,1010.2,88.93
2026-09-09 16:15:00,AWS-S01,20.79,1010.61,86.57
2026-09-09 16:20:00,AWS-S01,21.07,1010.29,86.16
2026-09-09 16:25:00,AWS-S01,22.06,1011.49,85.55
2026-09-09 16:30:00,AWS-S01,21.25,1010.71,82.96
2026-09-09 16:35:00,AWS-S01,21.56,1010.58,87.13
2026-09-09 16:40:00,AWS-S01,21.7,1011.02,83.95
2026-09-09 16:45:00,AWS-S01,21.67,1010.16,85.39
2026-09-09 16:50:00,AWS-S01,21.67,1010.25,82.04
2026-09-09 16:55:00,AWS-S01,21.35,1010.53,82.36
2026-09-09 17:00:00,AWS-S01,22.34,1010.86,86.02
2026-09-09 17:05:00,AWS-S01,22.54,1010.59,83.08
2026-09-09 17:10:00,AWS-S01,21.4,1010.43,85.5
2026-09-09 17:15:00,AWS-S01,21.71,1010.31,82.92
2026-09-09 17:20:00,AWS-S01,22.05,1010.37,79.98
2026-09-09 17:25:00,AWS-S01,21.89,1010.23,83.79
2026-09-09 17:30:00,AWS-S01,22.49,1009.68,81.26
2026-09-09 17:35:00,AWS-S01,22.14,1010.04,82.88
2026-09-09 17:40:00,AWS-S01,23.24,1009.53,81.55
2026-09-09 17:45:00,AWS-S01,22.99,1009.93,78.87
2026-09-09 17:50:00,AWS-S01,22.74,1009.64,81.1
2026-09-09 17:55:00,AWS-S01,23.12,1010.78,83.81
2026-09-09 18:00:00,AWS-S01,23.24,1009.68,80.91
2026-09-09 18:05:00,AWS-S01,22.75,1009.07,79.74
2026-09-09 18:10:00,AWS-S01,22.76,1009.52,81.08
2026-09-09 18:15:00,AWS-S01,23.17,1009.71,79.43
2026-09-09 18:20:00,AWS-S01,23.55,1010.11,79.06
2026-09-09 18:25:00,AWS-S01,23.4,1009.14,76.74
2026-09-09 18:30:00,AWS-S01,22.9,1008.68,78.35
2026-09-09 18:35:00,AWS-S01,23.27,1009.58,79.17
2026-09-09 18:40:00,AWS-S01,23.63,1008.63,75.98
2026-09-09 18:45:00,AWS-S01,23.74,1008.95,78.98
2026-09-09 18:50:00,AWS-S01,24.57,1008.96,76.31
2026-09-09 18:55:00,AWS-S01,23.5,1008.98,74.72
2026-09-09 19:00:00,AWS-S01,24.27,1009.23,77.15
2026-09-09 19:05:00,AWS-S01,24.73,1008.62,74.82
2026-09-09 19:10:00,AWS-S01,25.11,1008.73,75.98
2026-09-09 19:15:00,AWS-S01,24.29,1008.78,73.99
2026-09-09 19:20:00,AWS-S01,24.72,1008.8,73.92
2026-09-09 19:25:00,AWS-S01,24.86,1008.73,74.34
2026-09-09 19:30:00,AWS-S01,24.84,1008.81,73.61
2026-09-09 19:35:00,AWS-S01,24.86,1008.93,69.76
2026-09-09 19:40:00,AWS-S01,25.16,1008.71,70.65
2026-09-09 19:45:00,AWS-S01,24.24,1008.69,73.3
2026-09-09 19:50:00,AWS-S01,25.48,1007.84,71.27
2026-09-09 19:55:00,AWS-S01,25.41,1008.46,70.26
2026-09-09 20:00:00,AWS-S01,25.4,1008.59,68.57
2026-09-09 20:05:00,AWS-S01,26.32,1008.66,68.56
2026-09-09 20:10:00,AWS-S01,25.48,1008.06,66.71
2026-09-09 20:15:00,AWS-S01,25.7,1008.05,69.16
2026-09-09 20:20:00,AWS-S01,26.66,1008.06,67.97
2026-09-09 20:25:00,AWS-S01,25.79,1008.48,66.99
2026-09-09 20:30:00,AWS-S01,26.01,1008.66,67.9
2026-09-09 20:35:00,AWS-S01,26.27,1008.07,68.11
2026-09-09 20:40:00,AWS-S01,26.73,1008.59,70.27
2026-09-09 20:45:00,AWS-S01,26.63,1008.26,64.42
2026-09-09 20:50:00,AWS-S01,26.23,1008.16,68.0
2026-09-09 20:55:00,AWS-S01,26.61,1008.12,67.28
2026-09-09 21:00:00,AWS-S01,26.71,1008.5,64.22
2026-09-09 21:05:00,AWS-S01,27.01,1008.33,65.26
2026-09-09 21:10:00,AWS-S01,27.3,1009.12,63.84
2026-09-09 21:15:00,AWS-S01,27.42,1007.87,64.38
2026-09-09 21:20:00,AWS-S01,26.77,1008.43,65.93
2026-09-09 21:25:00,AWS-S01,27.88,1008.02,64.15
2026-09-09 21:30:00,AWS-S01,27.71,1007.9,63.59
2026-09-09 21:35:00,AWS-S01,28.22,1008.27,61.76
2026-09-09 21:40:00,AWS-S01,28.01,1008.35,59.76
2026-09-09 21:45:00,AWS-S01,28.35,1009.48,61.26
2026-09-09 21:50:00,AWS-S01,28.24,1008.27,62.97
2026-09-09 21:55:00,AWS-S01,28.66,1007.92,58.46
2026-09-09 22:00:00,AWS-S01,28.49,1008.51,58.76
2026-09-09 22:05:00,AWS-S01,28.38,1007.61,60.13
2026-09-09 22:10:00,AWS-S01,29.32,1008.43,58.07
2026-09-09 22:15:00,AWS-S01,28.94,1008.52,57.97
2026-09-09 22:20:00,AWS-S01,28.94,1008.87,58.13
2026-09-09 22:25:00,AWS-S01,28.4,1008.98,56.33
2026-09-09 22:30:00,AWS-S01,28.5,1008.44,56.54
2026-09-09 22:35:00,AWS-S01,29.16,1008.63,58.68
2026-09-09 22:40:00,AWS-S01,29.21,1008.43,55.29
2026-09-09 22:45:00,AWS-S01,29.04,1008.34,54.49
2026-09-09 22:50:00,AWS-S01,29.4,1008.96,55.58
2026-09-09 22:55:00,AWS-S01,30.01,1008.38,57.27
2026-09-09 23:00:00,AWS-S01,29.79,1008.78,55.53
2026-09-09 23:05:00,AWS-S01,29.24,1008.61,54.78
2026-09-09 23:10:00,AWS-S01,29.7,1009.29,55.21
2026-09-09 23:15:00,AWS-S01,29.54,1009.85,52.19
2026-09-09 23:20:00,AWS-S01,29.78,1008.67,55.23
2026-09-09 23:25:00,AWS-S01,29.86,1008.51,54.74
2026-09-09 23:30:00,AWS-S01,29.92,1009.26,53.24
2026-09-09 23:35:00,AWS-S01,29.73,1009.38,55.06
2026-09-09 23:40:00,AWS-S01,30.21,1009.53,51.56
2026-09-09 23:45:00,AWS-S01,30.14,1009.33,54.66
2026-09-09 23:50:00,AWS-S01,29.39,1009.49,52.91
2026-09-09 23:55:00,AWS-S01,31.21,1009.78,51.9
2026-09-07 00:00:00,AWS-W01,30.83,1010.54,52.56
2026-09-07 00:05:00,AWS-W01,30.18,1010.26,48.72
2026-09-07 00:10:00,AWS-W01,30.53,1009.88,51.33
2026-09-07 00:15:00,AWS-W01,30.34,1010.29,49.65
2026-09-07 00:20:00,AWS-W01,30.6,1009.9,49.51
2026-09-07 00:25:00,AWS-W01,31.16,1010.46,45.95
2026-09-07 00:30:00,AWS-W01,30.9,1009.23,45.38
2026-09-07 00:35:00,AWS-W01,31.83,1009.84,48.13
2026-09-07 00:40:00,AWS-W01,31.05,1010.7,48.63
2026-09-07 00:45:00,AWS-W01,31.05,1010.27,46.37
2026-09-07 00:50:00,AWS-W01,31.12,1010.52,46.24
2026-09-07 00:55:00,AWS-W01,30.91,1009.95,48.54
2026-09-07 01:00:00,AWS-W01,31.16,1011.29,48.37
2026-09-07 01:05:00,AWS-W01,31.62,1011.08,47.15
2026-09-07 01:10:00,AWS-W01,31.31,1010.58,48.38
2026-09-07 01:15:00,AWS-W01,31.03,1010.55,45.3
2026-09-07 01:20:00,AWS-W01,31.02,1011.18,46.39
2026-09-07 01:25:00,AWS-W01,31.22,1011.61,49.27
2026-09-07 01:30:00,AWS-W01,31.44,1011.24,46.78
2026-09-07 01:35:00,AWS-W01,31.86,1011.77,46.76
2026-09-07 01:40:00,AWS-W01,31.0,1010.58,49.93
2026-09-07 01:45:00,AWS-W01,31.38,1010.66,44.29
2026-09-07 01:50:00,AWS-W01,31.57,1010.55,47.5
2026-09-07 01:55:00,AWS-W01,30.89,1011.24,48.73
2026-09-07 02:00:00,AWS-W01,31.26,1011.17,45.68
2026-09-07 02:05:00,AWS-W01,31.33,1011.07,47.41
2026-09-07 02:10:00,AWS-W01,31.3,1011.48,44.6
2026-09-07 02:15:00,AWS-W01,31.66,1011.68,45.01
2026-09-07 02:20:00,AWS-W01,31.54,1010.6,46.6
2026-09-07 02:25:00,AWS-W01,31.4,1010.99,47.2
2026-09-07 02:30:00,AWS-W01,31.75,1011.58,47.68
2026-09-07 02:35:00,AWS-W01,32.2,1011.08,48.36
2026-09-07 02:40:00,AWS-W01,32.17,1010.96,45.92
2026-09-07 02:45:00,AWS-W01,30.92,1011.69,47.83
2026-09-07 02:50:00,AWS-W01,31.78,1010.78,45.56
2026-09-07 02:55:00,AWS-W01,31.51,1011.18,47.47
2026-09-07 03:00:00,AWS-W01,31.61,1011.43,46.48
2026-09-07 03:05:00,AWS-W01,31.4,1011.07,46.9
2026-09-07 03:10:00,AWS-W01,31.56,1011.61,46.94
2026-09-07 03:15:00,AWS-W01,31.55,1011.06,43.98
2026-09-07 03:20:00,AWS-W01,31.27,1011.84,44.79
2026-09-07 03:25:00,AWS-W01,31.13,1011.21,46.73
2026-09-07 03:30:00,AWS-W01,31.26,1011.52,44.15
2026-09-07 03:35:00,AWS-W01,31.46,1011.53,48.05
2026-09-07 03:40:00,AWS-W01,31.56,1010.96,48.23
2026-09-07 03:45:00,AWS-W01,31.61,1010.36,47.55
2026-09-07 03:50:00,AWS-W01,31.1,1011.3,45.52
2026-09-07 03:55:00,AWS-W01,31.33,1011.16,49.43
2026-09-07 04:00:00,AWS-W01,31.52,1011.32,50.58
2026-09-07 04:05:00,AWS-W01,31.54,1010.97,47.91
2026-09-07 04:10:00,AWS-W01,31.06,1010.86,48.64
2026-09-07 04:15:00,AWS-W01,30.96,1011.79,48.37
2026-09-07 04:20:00,AWS-W01,31.05,1010.36,49.06
2026-09-07 04:25:00,AWS-W01,30.52,1011.2,48.29
2026-09-07 04:30:00,AWS-W01,30.8,1010.63,48.63
2026-09-07 04:35:00,AWS-W01,31.06,1010.68,50.26
2026-09-07 04:40:00,AWS-W01,30.96,1010.64,52.65
2026-09-07 04:45:00,AWS-W01,30.58,1010.39,47.27
2026-09-07 04:50:00,AWS-W01,30.68,1010.89,49.46
2026-09-07 04:55:00,AWS-W01,30.25,1011.16,48.1
2026-09-07 05:00:00,AWS-W01,30.71,1010.74,52.52
2026-09-07 05:05:00,AWS-W01,30.36,1010.53,49.52
2026-09-07 05:10:00,AWS-W01,30.22,1010.04,48.51
2026-09-07 05:15:00,AWS-W01,30.11,1010.58,51.92
2026-09-07 05:20:00,AWS-W01,30.13,1011.18,53.87
2026-09-07 05:25:00,AWS-W01,29.92,1010.1,52.55
2026-09-07 05:30:00,AWS-W01,30.22,1010.04,52.17
2026-09-07 05:35:00,AWS-W01,29.76,1009.9,52.78
2026-09-07 05:40:00,AWS-W01,30.37,1009.86,54.61
2026-09-07 05:45:00,AWS-W01,30.24,1008.9,51.5
2026-09-07 05:50:00,AWS-W01,29.32,1010.09,52.98
2026-09-07 05:55:00,AWS-W01,29.57,1009.53,52.8
2026-09-07 06:00:00,AWS-W01,29.22,1009.16,52.07
2026-09-07 06:05:00,AWS-W01,29.24,1010.04,53.68
2026-09-07 06:10:00,AWS-W01,29.96,1009.24,56.19
2026-09-07 06:15:00,AWS-W01,29.05,1009.47,55.74
2026-09-07 06:20:00,AWS-W01,29.18,1010.13,56.22
2026-09-07 06:25:00,AWS-W01,29.14,1008.91,55.84
2026-09-07 06:30:00,AWS-W01,28.5,1008.8,56.78
2026-09-07 06:35:00,AWS-W01,28.45,1009.46,55.18
2026-09-07 06:40:00,AWS-W01,28.22,1009.75,56.3
2026-09-07 06:45:00,AWS-W01,28.22,1008.6,57.44
2026-09-07 06:50:00,AWS-W01,27.43,1009.33,57.96
2026-09-07 06:55:00,AWS-W01,28.51,1009.34,58.43
2026-09-07 07:00:00,AWS-W01,28.92,1008.23,58.14
2026-09-07 07:05:00,AWS-W01,28.15,1009.31,58.19
2026-09-07 07:10:00,AWS-W01,27.49,1009.29,63.9
2026-09-07 07:15:00,AWS-W01,27.64,1008.76,60.93
2026-09-07 07:20:00,AWS-W01,27.59,1009.34,60.61
2026-09-07 07:25:00,AWS-W01,27.28,1009.24,60.05
2026-09-07 07:30:00,AWS-W01,27.82,1008.78,60.15
2026-09-07 07:35:00,AWS-W01,27.69,1008.51,61.05
2026-09-07 07:40:00,AWS-W01,26.89,1008.26,62.11
2026-09-07 07:45:00,AWS-W01,27.43,1008.59,59.28
2026-09-07 07:50:00,AWS-W01,27.59,1008.8,60.17
2026-09-07 07:55:00,AWS-W01,27.6,1008.41,62.0
2026-09-07 08:00:00,AWS-W01,27.82,1007.62,63.7
2026-09-07 08:05:00,AWS-W01,26.38,1008.98,63.46
2026-09-07 08:10:00,AWS-W01,27.57,1008.52,66.47
2026-09-07 08:15:00,AWS-W01,26.34,1008.26,62.47
2026-09-07 08:20:00,AWS-W01,26.13,1008.73,64.0
2026-09-07 08:25:00,AWS-W01,26.33,1008.98,67.84
2026-09-07 08:30:00,AWS-W01,25.9,1007.23,66.2
2026-09-07 08:35:00,AWS-W01,26.12,1008.51,67.76
2026-09-07 08:40:00,AWS-W01,25.4,1007.75,69.95
2026-09-07 08:45:00,AWS-W01,25.66,1008.51,66.27
2026-09-07 08:50:00,AWS-W01,26.07,1008.36,67.59
2026-09-07 08:55:00,AWS-W01,25.48,1008.56,67.77
2026-09-07 09:00:00,AWS-W01,25.43,1008.1,65.68
2026-09-07 09:05:00,AWS-W01,25.43,1007.55,68.58
2026-09-07 09:10:00,AWS-W01,25.55,1008.13,70.79
2026-09-07 09:15:00,AWS-W01,24.45,1008.48,70.71
2026-09-07 09:20:00,AWS-W01,25.11,1008.73,71.26
2026-09-07 09:25:00,AWS-W01,24.7,1007.87,70.19
2026-09-07 09:30:00,AWS-W01,24.73,1008.76,70.19
2026-09-07 09:35:00,AWS-W01,24.93,1008.11,73.5
2026-09-07 09:40:00,AWS-W01,24.03,1008.54,71.27
2026-09-07 09:45:00,AWS-W01,23.98,1008.21,72.87
2026-09-07 09:50:00,AWS-W01,23.54,1008.51,73.09
2026-09-07 09:55:00,AWS-W01,23.91,1008.83,75.44
2026-09-07 10:00:00,AWS-W01,24.46,1008.01,75.11
2026-09-07 10:05:00,AWS-W01,23.84,1008.26,72.11
2026-09-07 10:10:00,AWS-W01,23.31,1008.65,72.67
2026-09-07 10:15:00,AWS-W01,23.5,1009.57,75.71
2026-09-07 10:20:00,AWS-W01,23.04,1008.31,75.14
2026-09-07 10:25:00,AWS-W01,23.06,1009.51,74.94
2026-09-07 10:30:00,AWS-W01,23.49,1009.54,77.52
2026-09-07 10:35:00,AWS-W01,22.84,1008.75,76.66
2026-09-07 10:40:00,AWS-W01,23.53,1008.72,76.82
2026-09-07 10:45:00,AWS-W01,23.02,1008.61,78.28
2026-09-07 10:50:00,AWS-W01,22.98,1008.91,76.91
2026-09-07 10:55:00,AWS-W01,22.75,1008.43,80.18
2026-09-07 11:00:00,AWS-W01,23.02,1009.02,76.99
2026-09-07 11:05:00,AWS-W01,22.93,1009.71,79.5
2026-09-07 11:10:00,AWS-W01,22.68,1008.92,81.01
2026-09-07 11:15:00,AWS-W01,22.67,1009.13,77.12
2026-09-07 11:20:00,AWS-W01,22.31,1008.61,79.0
2026-09-07 11:25:00,AWS-W01,22.49,1009.5,81.54
2026-09-07 11:30:00,AWS-W01,22.09,1009.52,81.88
2026-09-07 11:35:00,AWS-W01,22.13,1009.5,80.19
2026-09-07 11:40:00,AWS-W01,21.95,1009.45,79.64
2026-09-07 11:45:00,AWS-W01,21.8,1009.49,82.47
2026-09-07 11:50:00,AWS-W01,21.65,1009.87,83.1
2026-09-07 11:55:00,AWS-W01,21.97,1009.72,79.85
2026-09-07 12:00:00,AWS-W01,22.2,1009.93,80.06
2026-09-07 12:05:00,AWS-W01,22.07,1009.95,82.47
2026-09-07 12:10:00,AWS-W01,21.15,1010.38,83.33
2026-09-07 12:15:00,AWS-W01,21.98,1010.27,82.18
2026-09-07 12:20:00,AWS-W01,21.35,1010.14,83.89
2026-09-07 12:25:00,AWS-W01,21.61,1010.73,82.03
2026-09-07 12:30:00,AWS-W01,21.02,1010.36,80.15
2026-09-07 12:35:00,AWS-W01,21.33,1010.77,82.9
2026-09-07 12:40:00,AWS-W01,21.33,1010.56,83.84
2026-09-07 12:45:00,AWS-W01,20.65,1009.64,83.52
2026-09-07 12:50:00,AWS-W01,21.33,1010.96,82.39
2026-09-07 12:55:00,AWS-W01,21.54,1010.55,81.58
2026-09-07 13:00:00,AWS-W01,20.96,1010.53,83.71
2026-09-07 13:05:00,AWS-W01,21.45,1010.72,85.99
2026-09-07 13:10:00,AWS-W01,20.87,1010.52,86.68
2026-09-07 13:15:00,AWS-W01,21.19,1010.8,86.72
2026-09-07 13:20:00,AWS-W01,20.08,1010.53,83.85
2026-09-07 13:25:00,AWS-W01,21.67,1011.32,83.47
2026-09-07 13:30:00,AWS-W01,21.31,1010.82,86.06
2026-09-07 13:35:00,AWS-W01,20.66,1010.75,86.38
2026-09-07 13:40:00,AWS-W01,20.04,1010.58,86.13
2026-09-07 13:45:00,AWS-W01,20.81,1011.1,82.59
2026-09-07 13:50:00,AWS-W01,20.18,1011.1,84.4
2026-09-07 13:55:00,AWS-W01,20.82,1011.22,85.72
2026-09-07 14:00:00,AWS-W01,20.79,1010.69,86.56
2026-09-07 14:05:00,AWS-W01,20.3,1010.49,87.03
2026-09-07 14:10:00,AWS-W01,21.01,1011.41,86.14
2026-09-07 14:15:00,AWS-W01,20.89,1011.78,86.45
2026-09-07 14:20:00,AWS-W01,20.95,1010.8,86.11
2026-09-07 14:25:00,AWS-W01,20.6,1011.87,87.02
2026-09-07 14:30:00,AWS-W01,20.1,1011.36,86.47
2026-09-07 14:35:00,AWS-W01,20.94,1011.26,86.09
2026-09-07 14:40:00,AWS-W01,20.51,1011.12,85.58
2026-09-07 14:45:00,AWS-W01,20.13,1010.73,86.08
2026-09-07 14:50:00,AWS-W01,21.09,1011.69,86.65
2026-09-07 14:55:00,AWS-W01,21.37,1010.99,86.28
2026-09-07 15:00:00,AWS-W01,20.63,1010.99,86.4
2026-09-07 15:05:00,AWS-W01,21.42,1011.7,87.78
2026-09-07 15:10:00,AWS-W01,20.72,1010.54,86.09
2026-09-07 15:15:00,AWS-W01,20.57,1010.68,84.64
2026-09-07 15:20:00,AWS-W01,20.51,1011.27,86.85
2026-09-07 15:25:00,AWS-W01,21.33,1011.38,83.38
2026-09-07 15:30:00,AWS-W01,20.51,1011.44,83.7
2026-09-07 15:35:00,AWS-W01,21.08,1011.11,85.7
2026-09-07 15:40:00,AWS-W01,20.66,1012.22,85.85
2026-09-07 15:45:00,AWS-W01,20.73,1011.09,83.07
2026-09-07 15:50:00,AWS-W01,21.29,1011.07,84.22
2026-09-07 15:55:00,AWS-W01,20.84,1010.81,83.73
2026-09-07 16:00:00,AWS-W01,20.88,1011.15,83.75
2026-09-07 16:05:00,AWS-W01,21.46,1011.31,85.72
2026-09-07 16:10:00,AWS-W01,21.67,1011.51,85.19
2026-09-07 16:15:00,AWS-W01,21.39,1010.39,83.91
2026-09-07 16:20:00,AWS-W01,20.99,1010.85,82.92
2026-09-07 16:25:00,AWS-W01,21.1,1011.08,81.51
2026-09-07 16:30:00,AWS-W01,21.36,1011.1,85.45
2026-09-07 16:35:00,AWS-W01,21.51,1010.82,83.99
2026-09-07 16:40:00,AWS-W01,21.12,1010.98,81.81
2026-09-07 16:45:00,AWS-W01,21.78,1010.39,83.71
2026-09-07 16:50:00,AWS-W01,21.62,1011.28,82.28
2026-09-07 16:55:00,AWS-W01,21.06,1011.0,81.7
2026-09-07 17:00:00,AWS-W01,21.41,1010.01,82.52
2026-09-07 17:05:00,AWS-W01,21.63,1010.06,80.49
2026-09-07 17:10:00,AWS-W01,21.86,1010.02,80.81
2026-09-07 17:15:00,AWS-W01,22.63,1010.65,81.22
2026-09-07 17:20:00,AWS-W01,22.13,1009.8,80.0
2026-09-07 17:25:00,AWS-W01,21.83,1010.12,81.45
2026-09-07 17:30:00,AWS-W01,22.29,1010.37,82.95
2026-09-07 17:35:00,AWS-W01,22.17,1010.1,78.7
2026-09-07 17:40:00,AWS-W01,22.5,1010.16,77.01
2026-09-07 17:45:00,AWS-W01,22.68,1009.57,76.18
2026-09-07 17:50:00,AWS-W01,22.99,1010.17,78.63
2026-09-07 17:55:00,AWS-W01,22.65,1009.62,77.52
2026-09-07 18:00:00,AWS-W01,23.33,1009.67,78.49
2026-09-07 18:05:00,AWS-W01,23.17,1009.83,78.03
2026-09-07 18:10:00,AWS-W01,22.7,1009.71,75.07
2026-09-07 18:15:00,AWS-W01,23.82,1009.61,74.39
2026-09-07 18:20:00,AWS-W01,23.26,1009.24,77.19
2026-09-07 18:25:00,AWS-W01,22.95,1009.36,76.58
2026-09-07 18:30:00,AWS-W01,23.93,1009.41,75.36
2026-09-07 18:35:00,AWS-W01,24.18,1008.8,73.13
2026-09-07 18:40:00,AWS-W01,23.55,1009.1,75.94
2026-09-07 18:45:00,AWS-W01,23.49,1009.38,76.75
2026-09-07 18:50:00,AWS-W01,23.72,1008.66,74.87
2026-09-07 18:55:00,AWS-W01,24.14,1009.57,72.78
2026-09-07 19:00:00,AWS-W01,24.44,1009.56,73.72
2026-09-07 19:05:00,AWS-W01,24.31,1008.5,71.2
2026-09-07 19:10:00,AWS-W01,24.25,1009.48,74.43
2026-09-07 19:15:00,AWS-W01,24.86,1008.83,72.55
2026-09-07 19:20:00,AWS-W01,24.34,1009.0,69.36
2026-09-07 19:25:00,AWS-W01,24.92,1008.59,71.15
2026-09-07 19:30:00,AWS-W01,24.58,1009.11,71.87
2026-09-07 19:35:00,AWS-W01,24.94,1008.86,70.25
2026-09-07 19:40:00,AWS-W01,24.87,1008.33,69.91
2026-09-07 19:45:00,AWS-W01,25.01,1008.14,68.07
2026-09-07 19:50:00,AWS-W01,25.01,1007.99,70.32
2026-09-07 19:55:00,AWS-W01,25.73,1008.61,68.07
2026-09-07 20:00:00,AWS-W01,25.13,1008.73,65.38
2026-09-07 20:05:00,AWS-W01,25.24,1008.73,67.62
2026-09-07 20:10:00,AWS-W01,26.36,1008.39,69.21
2026-09-07 20:15:00,AWS-W01,26.08,1007.95,66.73
2026-09-07 20:20:00,AWS-W01,25.03,1008.12,69.48
2026-09-07 20:25:00,AWS-W01,25.78,1008.83,67.08
2026-09-07 20:30:00,AWS-W01,25.47,1008.16,66.51
2026-09-07 20:35:00,AWS-W01,25.89,1008.39,65.37
2026-09-07 20:40:00,AWS-W01,25.24,1007.89,65.03
2026-09-07 20:45:00,AWS-W01,26.41,1008.45,64.3
2026-09-07 20:50:00,AWS-W01,26.18,1008.12,63.8
2026-09-07 20:55:00,AWS-W01,26.72,1008.72,64.62
2026-09-07 21:00:00,AWS-W01,26.25,1008.61,61.99
2026-09-07 21:05:00,AWS-W01,26.97,1008.1,61.34
2026-09-07 21:10:00,AWS-W01,26.91,1008.26,60.84
2026-09-07 21:15:00,AWS-W01,27.7,1008.09,65.17
2026-09-07 21:20:00,AWS-W01,27.78,1007.76,62.47
2026-09-07 21:25:00,AWS-W01,27.68,1007.99,61.7
2026-09-07 21:30:00,AWS-W01,27.41,1008.43,59.24
2026-09-07 21:35:00,AWS-W01,28.33,1008.5,61.34
2026-09-07 21:40:00,AWS-W01,27.21,1008.45,59.81
2026-09-07 21:45:00,AWS-W01,27.38,1008.29,59.89
2026-09-07 21:50:00,AWS-W01,27.95,1008.81,57.69
2026-09-07 21:55:00,AWS-W01,28.88,1008.49,58.99
2026-09-07 22:00:00,AWS-W01,28.13,1008.78,57.71
2026-09-07 22:05:00,AWS-W01,28.25,1007.83,56.8
2026-09-07 22:10:00,AWS-W01,27.92,1007.0,58.65
2026-09-07 22:15:00,AWS-W01,28.86,1008.72,54.85
2026-09-07 22:20:00,AWS-W01,28.97,1008.08,57.61
2026-09-07 22:25:00,AWS-W01,29.02,1008.61,57.41
2026-09-07 22:30:00,AWS-W01,28.63,1008.62,54.68
2026-09-07 22:35:00,AWS-W01,28.71,1009.42,54.39
2026-09-07 22:40:00,AWS-W01,28.6,1009.0,54.92
2026-09-07 22:45:00,AWS-W01,29.18,1008.95,55.31
2026-09-07 22:50:00,AWS-W01,28.88,1009.27,54.3
2026-09-07 22:55:00,AWS-W01,28.94,1009.14,54.82
2026-09-07 23:00:00,AWS-W01,29.3,1008.87,56.47
2026-09-07 23:05:00,AWS-W01,29.37,1009.54,52.72
2026-09-07 23:10:00,AWS-W01,29.45,1008.72,50.57
2026-09-07 23:15:00,AWS-W01,29.89,1009.36,54.05
2026-09-07 23:20:00,AWS-W01,29.84,1008.67,55.01
2026-09-07 23:25:00,AWS-W01,29.8,1009.43,52.76
2026-09-07 23:30:00,AWS-W01,30.05,1009.49,50.23
2026-09-07 23:35:00,AWS-W01,29.73,1010.15,51.37
2026-09-07 23:40:00,AWS-W01,30.19,1008.91,49.58
2026-09-07 23:45:00,AWS-W01,30.29,1009.36,51.93
2026-09-07 23:50:00,AWS-W01,29.79,1010.0,48.65
2026-09-07 23:55:00,AWS-W01,30.74,1009.87,49.95
2026-09-08 00:00:00,AWS-W01,30.15,1009.87,48.63
2026-09-08 00:05:00,AWS-W01,30.57,1009.48,50.06
2026-09-08 00:10:00,AWS-W01,31.01,1009.69,49.07
2026-09-08 00:15:00,AWS-W01,31.0,1010.49,49.64
2026-09-08 00:20:00,AWS-W01,30.75,1010.04,49.17
2026-09-08 00:25:00,AWS-W01,30.68,1010.27,47.42
2026-09-08 00:30:00,AWS-W01,31.19,1010.14,49.62
2026-09-08 00:35:00,AWS-W01,31.16,1009.78,48.39
2026-09-08 00:40:00,AWS-W01,30.76,1010.69,46.78
2026-09-08 00:45:00,AWS-W01,30.75,1010.58,51.42
2026-09-08 00:50:00,AWS-W01,30.36,1011.36,48.59
2026-09-08 00:55:00,AWS-W01,31.19,1010.09,47.46
2026-09-08 01:00:00,AWS-W01,31.15,1010.88,49.65
2026-09-08 01:05:00,AWS-W01,31.62,1010.08,50.12
2026-09-08 01:10:00,AWS-W01,31.39,1010.72,46.99
2026-09-08 01:15:00,AWS-W01,31.78,1011.1,47.58
2026-09-08 01:20:00,AWS-W01,31.1,1009.94,45.44
2026-09-08 01:25:00,AWS-W01,31.78,1010.73,46.58
2026-09-08 01:30:00,AWS-W01,31.23,1010.64,46.38
2026-09-08 01:35:00,AWS-W01,31.71,1010.63,46.85
2026-09-08 01:40:00,AWS-W01,30.96,1011.1,46.97
2026-09-08 01:45:00,AWS-W01,31.58,1011.44,47.22
2026-09-08 01:50:00,AWS-W01,30.82,1010.98,46.66
2026-09-08 01:55:00,AWS-W01,31.44,1011.15,44.42
2026-09-08 02:00:00,AWS-W01,31.71,1011.14,44.76
2026-09-08 02:05:00,AWS-W01,31.38,1011.13,45.3
2026-09-08 02:10:00,AWS-W01,31.21,1010.72,45.65
2026-09-08 02:15:00,AWS-W01,31.88,1011.63,47.62
2026-09-08 02:20:00,AWS-W01,31.56,1011.33,44.27
2026-09-08 02:25:00,AWS-W01,31.43,1011.39,45.47
2026-09-08 02:30:00,AWS-W01,31.61,1010.93,47.43
2026-09-08 02:35:00,AWS-W01,32.52,1011.08,45.55
2026-09-08 02:40:00,AWS-W01,32.0,1011.21,46.71
2026-09-08 02:45:00,AWS-W01,32.0,1010.67,45.83
2026-09-08 02:50:00,AWS-W01,31.73,1010.62,46.46
2026-09-08 02:55:00,AWS-W01,31.63,1011.06,45.78
2026-09-08 03:00:00,AWS-W01,30.71,1011.51,47.17
2026-09-08 03:05:00,AWS-W01,31.3,1011.04,43.92
2026-09-08 03:10:00,AWS-W01,31.35,1010.89,45.76
2026-09-08 03:15:00,AWS-W01,30.84,1010.96,46.83
2026-09-08 03:20:00,AWS-W01,31.06,1011.1,47.27
2026-09-08 03:25:00,AWS-W01,30.75,1011.12,48.81
2026-09-08 03:30:00,AWS-W01,31.4,1012.12,46.09
2026-09-08 03:35:00,AWS-W01,31.67,1011.65,49.02
2026-09-08 03:40:00,AWS-W01,31.73,1011.62,45.94
2026-09-08 03:45:00,AWS-W01,31.45,1011.65,49.05
2026-09-08 03:50:00,AWS-W01,30.93,1010.76,48.43
2026-09-08 03:55:00,AWS-W01,30.55,1010.64,45.99
2026-09-08 04:00:00,AWS-W01,30.57,1010.66,47.98
2026-09-08 04:05:00,AWS-W01,30.69,1011.6,47.62
2026-09-08 04:10:00,AWS-W01,30.77,1010.81,48.81
2026-09-08 04:15:00,AWS-W01,30.98,1010.49,47.73
2026-09-08 04:20:00,AWS-W01,30.62,1010.78,47.8
2026-09-08 04:25:00,AWS-W01,31.04,1010.81,50.52
2026-09-08 04:30:00,AWS-W01,30.78,1010.97,48.53
2026-09-08 04:35:00,AWS-W01,30.81,1010.91,50.14
2026-09-08 04:40:00,AWS-W01,31.14,1010.43,48.79
2026-09-08 04:45:00,AWS-W01,30.26,1010.99,51.87
2026-09-08 04:50:00,AWS-W01,30.75,1010.4,48.6
2026-09-08 04:55:00,AWS-W01,30.53,1010.54,48.95
2026-09-08 05:00:00,AWS-W01,30.35,1010.82,52.42
2026-09-08 05:05:00,AWS-W01,30.7,1010.24,49.73
2026-09-08 05:10:00,AWS-W01,30.62,1010.21,53.08
2026-09-08 05:15:00,AWS-W01,29.9,1010.61,52.3
2026-09-08 05:20:00,AWS-W01,30.09,1009.97,51.02
2026-09-08 05:25:00,AWS-W01,30.17,1010.1,48.83
2026-09-08 05:30:00,AWS-W01,29.89,1010.41,51.83
2026-09-08 05:35:00,AWS-W01,30.11,1010.95,52.32
2026-09-08 05:40:00,AWS-W01,29.91,1010.3,54.24
2026-09-08 05:45:00,AWS-W01,30.37,1010.18,55.2
2026-09-08 05:50:00,AWS-W01,29.1,1010.14,52.12
2026-09-08 05:55:00,AWS-W01,29.5,1009.44,54.68
2026-09-08 06:00:00,AWS-W01,29.13,1009.85,54.97
2026-09-08 06:05:00,AWS-W01,29.56,1009.72,55.78
2026-09-08 06:10:00,AWS-W01,28.69,1009.8,55.28
2026-09-08 06:15:00,AWS-W01,29.28,1009.65,51.97
2026-09-08 06:20:00,AWS-W01,28.83,1009.69,55.02
2026-09-08 06:25:00,AWS-W01,28.7,1009.35,53.89
2026-09-08 06:30:00,AWS-W01,28.34,1009.44,55.7
2026-09-08 06:35:00,AWS-W01,28.58,1008.86,57.85
2026-09-08 06:40:00,AWS-W01,29.02,1009.16,57.22
2026-09-08 06:45:00,AWS-W01,28.52,1009.78,58.88
2026-09-08 06:50:00,AWS-W01,28.64,1009.29,58.06
2026-09-08 06:55:00,AWS-W01,28.9,1009.1,56.0
2026-09-08 07:00:00,AWS-W01,28.3,1009.81,54.57
2026-09-08 07:05:00,AWS-W01,27.9,1008.45,58.97
2026-09-08 07:10:00,AWS-W01,28.14,1008.5,58.84
2026-09-08 07:15:00,AWS-W01,27.68,1009.57,58.11
2026-09-08 07:20:00,AWS-W01,27.58,1008.85,57.43
2026-09-08 07:25:00,AWS-W01,27.11,1008.69,59.3
2026-09-08 07:30:00,AWS-W01,27.85,1008.26,60.53
2026-09-08 07:35:00,AWS-W01,27.27,1008.87,62.25
2026-09-08 07:40:00,AWS-W01,27.35,1008.87,61.95
2026-09-08 07:45:00,AWS-W01,26.81,1008.17,64.51
2026-09-08 07:50:00,AWS-W01,27.21,1008.52,60.97
2026-09-08 07:55:00,AWS-W01,26.67,1008.4,64.28
2026-09-08 08:00:00,AWS-W01,26.77,1008.6,63.46
2026-09-08 08:05:00,AWS-W01,27.01,1008.02,64.86
2026-09-08 08:10:00,AWS-W01,26.86,1008.94,63.6
2026-09-08 08:15:00,AWS-W01,26.45,1008.78,66.3
2026-09-08 08:20:00,AWS-W01,25.72,1008.25,65.57
2026-09-08 08:25:00,AWS-W01,27.27,1008.28,64.54
2026-09-08 08:30:00,AWS-W01,26.71,1008.3,65.98
2026-09-08 08:35:00,AWS-W01,26.23,1008.02,66.08
2026-09-08 08:40:00,AWS-W01,25.6,1008.15,67.61
2026-09-08 08:45:00,AWS-W01,25.7,1008.2,65.54
2026-09-08 08:50:00,AWS-W01,25.43,1008.95,67.7
2026-09-08 08:55:00,AWS-W01,25.94,1008.68,68.77
2026-09-08 09:00:00,AWS-W01,25.47,1008.67,68.66
2026-09-08 09:05:00,AWS-W01,24.99,1008.45,71.06
2026-09-08 09:10:00,AWS-W01,24.98,1007.86,70.63
2026-09-08 09:15:00,AWS-W01,25.42,1008.3,69.89
2026-09-08 09:20:00,AWS-W01,25.47,1008.71,70.65
2026-09-08 09:25:00,AWS-W01,25.33,1007.83,71.2
2026-09-08 09:30:00,AWS-W01,24.94,1008.61,71.78
2026-09-08 09:35:00,AWS-W01,24.47,1009.3,68.86
2026-09-08 09:40:00,AWS-W01,23.31,1008.82,71.56
2026-09-08 09:45:00,AWS-W01,24.44,1008.98,70.2
2026-09-08 09:50:00,AWS-W01,24.22,1008.53,74.76
2026-09-08 09:55:00,AWS-W01,24.16,1008.86,73.16
2026-09-08 10:00:00,AWS-W01,24.01,1008.21,73.36
2026-09-08 10:05:00,AWS-W01,23.42,1008.85,75.4
2026-09-08 10:10:00,AWS-W01,23.97,1008.83,75.09
2026-09-08 10:15:00,AWS-W01,23.89,1008.73,73.15
2026-09-08 10:20:00,AWS-W01,23.8,1009.18,75.13
2026-09-08 10:25:00,AWS-W01,23.79,1008.48,75.12
2026-09-08 10:30:00,AWS-W01,23.56,1008.66,73.38
2026-09-08 10:35:00,AWS-W01,23.1,1008.82,75.34
2026-09-08 10:40:00,AWS-W01,23.12,1008.42,76.47
2026-09-08 10:45:00,AWS-W01,23.08,1008.98,76.94
2026-09-08 10:50:00,AWS-W01,22.98,1008.25,75.25
2026-09-08 10:55:00,AWS-W01,23.2,1009.41,79.55
2026-09-08 11:00:00,AWS-W01,22.98,1009.07,78.02
2026-09-08 11:05:00,AWS-W01,23.38,1008.9,78.57
2026-09-08 11:10:00,AWS-W01,23.34,1008.83,79.46
2026-09-08 11:15:00,AWS-W01,22.5,1009.13,78.0
2026-09-08 11:20:00,AWS-W01,21.04,1009.56,80.2
2026-09-08 11:25:00,AWS-W01,22.73,1009.57,79.28
2026-09-08 11:30:00,AWS-W01,22.02,1009.13,78.8
2026-09-08 11:35:00,AWS-W01,21.85,1009.14,81.31
2026-09-08 11:40:00,AWS-W01,21.91,1009.8,82.98
2026-09-08 11:45:00,AWS-W01,21.81,1009.32,82.12
2026-09-08 11:50:00,AWS-W01,22.1,1009.69,82.71
2026-09-08 11:55:00,AWS-W01,21.26,1009.78,80.82
2026-09-08 12:00:00,AWS-W01,21.36,1009.92,79.47
2026-09-08 12:05:00,AWS-W01,21.78,1010.21,84.36
2026-09-08 12:10:00,AWS-W01,21.81,1009.43,85.46
2026-09-08 12:15:00,AWS-W01,21.75,1009.23,84.94
2026-09-08 12:20:00,AWS-W01,21.19,1009.83,82.36
2026-09-08 12:25:00,AWS-W01,21.06,1010.85,81.37
2026-09-08 12:30:00,AWS-W01,21.16,1011.0,81.72
2026-09-08 12:35:00,AWS-W01,21.36,1010.98,81.01
2026-09-08 12:40:00,AWS-W01,21.74,1010.24,83.58
2026-09-08 12:45:00,AWS-W01,20.45,1009.66,86.35
2026-09-08 12:50:00,AWS-W01,21.04,1009.5,83.91
2026-09-08 12:55:00,AWS-W01,20.6,1010.25,84.76
2026-09-08 13:00:00,AWS-W01,20.44,1010.47,86.54
2026-09-08 13:05:00,AWS-W01,21.31,1011.13,84.03
2026-09-08 13:10:00,AWS-W01,21.12,1011.01,87.85
2026-09-08 13:15:00,AWS-W01,21.05,1010.8,87.93
2026-09-08 13:20:00,AWS-W01,21.18,1010.41,84.88
2026-09-08 13:25:00,AWS-W01,20.65,1010.43,84.33
2026-09-08 13:30:00,AWS-W01,20.64,1010.96,86.36
2026-09-08 13:35:00,AWS-W01,21.52,1011.18,84.91
2026-09-08 13:40:00,AWS-W01,20.64,1011.11,83.79
2026-09-08 13:45:00,AWS-W01,20.96,1010.58,87.54
2026-09-08 13:50:00,AWS-W01,20.69,1011.29,87.52
2026-09-08 13:55:00,AWS-W01,20.02,1011.24,86.0
2026-09-08 14:00:00,AWS-W01,19.93,1010.67,83.93
2026-09-08 14:05:00,AWS-W01,20.43,1010.82,84.04
2026-09-08 14:10:00,AWS-W01,20.99,1011.43,86.08
2026-09-08 14:15:00,AWS-W01,20.89,1011.09,85.21
2026-09-08 14:20:00,AWS-W01,20.93,1011.85,85.47
2026-09-08 14:25:00,AWS-W01,20.26,1011.43,87.53
2026-09-08 14:30:00,AWS-W01,21.17,1011.05,87.1
2026-09-08 14:35:00,AWS-W01,20.26,1011.26,88.06
2026-09-08 14:40:00,AWS-W01,20.68,1011.3,84.5
2026-09-08 14:45:00,AWS-W01,20.61,1011.0,85.44
2026-09-08 14:50:00,AWS-W01,20.56,1010.93,87.06
2026-09-08 14:55:00,AWS-W01,21.1,1011.58,86.55
2026-09-08 15:00:00,AWS-W01,20.4,1011.64,88.13
2026-09-08 15:05:00,AWS-W01,20.19,1011.54,86.4
2026-09-08 15:10:00,AWS-W01,20.69,1011.9,88.47
2026-09-08 15:15:00,AWS-W01,20.57,1011.07,86.43
2026-09-08 15:20:00,AWS-W01,21.91,1011.95,87.12
2026-09-08 15:25:00,AWS-W01,20.99,1010.9,84.94
2026-09-08 15:30:00,AWS-W01,20.64,1010.84,85.34
2026-09-08 15:35:00,AWS-W01,20.45,1010.53,86.57
2026-09-08 15:40:00,AWS-W01,20.2,1011.03,87.49
2026-09-08 15:45:00,AWS-W01,20.53,1010.98,86.03
2026-09-08 15:50:00,AWS-W01,20.97,1011.37,84.67
2026-09-08 15:55:00,AWS-W01,21.47,1011.23,86.71
2026-09-08 16:00:00,AWS-W01,21.41,1010.62,81.19
2026-09-08 16:05:00,AWS-W01,21.15,1010.91,82.17
2026-09-08 16:10:00,AWS-W01,21.0,1010.88,85.15
2026-09-08 16:15:00,AWS-W01,21.26,1010.28,83.96
2026-09-08 16:20:00,AWS-W01,21.04,1010.56,84.65
2026-09-08 16:25:00,AWS-W01,21.88,1010.6,83.63
2026-09-08 16:30:00,AWS-W01,21.27,1011.43,84.18
2026-09-08 16:35:00,AWS-W01,21.37,1010.89,81.88
2026-09-08 16:40:00,AWS-W01,20.69,1011.03,83.72
2026-09-08 16:45:00,AWS-W01,21.46,1010.11,84.12
2026-09-08 16:50:00,AWS-W01,21.89,1011.14,84.21
2026-09-08 16:55:00,AWS-W01,21.29,1011.13,85.15
2026-09-08 17:00:00,AWS-W01,21.47,1009.75,82.23
2026-09-08 17:05:00,AWS-W01,22.09,1010.21,82.01
2026-09-08 17:10:00,AWS-W01,21.37,1010.63,79.04
2026-09-08 17:15:00,AWS-W01,22.34,1010.63,80.24
2026-09-08 17:20:00,AWS-W01,21.86,1010.04,80.46
2026-09-08 17:25:00,AWS-W01,21.99,1010.13,82.02
2026-09-08 17:30:00,AWS-W01,21.82,1009.95,79.23
2026-09-08 17:35:00,AWS-W01,22.43,1010.17,81.02
2026-09-08 17:40:00,AWS-W01,23.25,1010.54,79.51
2026-09-08 17:45:00,AWS-W01,22.75,1009.69,78.92
2026-09-08 17:50:00,AWS-W01,22.26,1010.33,79.23
2026-09-08 17:55:00,AWS-W01,23.05,1009.55,77.93
2026-09-08 18:00:00,AWS-W01,22.64,1009.46,77.53
2026-09-08 18:05:00,AWS-W01,23.33,1010.06,75.27
2026-09-08 18:10:00,AWS-W01,23.23,1010.04,77.1
2026-09-08 18:15:00,AWS-W01,22.01,1009.94,76.39
2026-09-08 18:20:00,AWS-W01,22.79,1009.01,75.97
2026-09-08 18:25:00,AWS-W01,23.58,1009.29,77.0
2026-09-08 18:30:00,AWS-W01,23.4,1009.74,76.99
2026-09-08 18:35:00,AWS-W01,23.1,1009.37,75.97
2026-09-08 18:40:00,AWS-W01,23.34,1008.86,76.73
2026-09-08 18:45:00,AWS-W01,23.0,1009.41,75.71
2026-09-08 18:50:00,AWS-W01,23.74,1008.88,74.01
2026-09-08 18:55:00,AWS-W01,24.66,1009.83,73.36
2026-09-08 19:00:00,AWS-W01,24.28,1009.67,74.12
2026-09-08 19:05:00,AWS-W01,24.87,1009.24,74.11
2026-09-08 19:10:00,AWS-W01,24.53,1009.48,74.94
2026-09-08 19:15:00,AWS-W01,24.69,1008.91,74.22
2026-09-08 19:20:00,AWS-W01,25.14,1009.14,71.2
2026-09-08 19:25:00,AWS-W01,24.69,1009.38,71.44
2026-09-08 19:30:00,AWS-W01,24.61,1008.84,72.18
2026-09-08 19:35:00,AWS-W01,25.15,1008.59,72.36
2026-09-08 19:40:00,AWS-W01,25.42,1007.97,71.74
2026-09-08 19:45:00,AWS-W01,24.86,1008.58,69.81
2026-09-08 19:50:00,AWS-W01,24.89,1008.9,67.59
2026-09-08 19:55:00,AWS-W01,25.31,1008.91,67.54
2026-09-08 20:00:00,AWS-W01,25.67,1008.7,69.02
2026-09-08 20:05:00,AWS-W01,25.78,1008.25,68.69
2026-09-08 20:10:00,AWS-W01,25.12,1007.65,66.1
2026-09-08 20:15:00,AWS-W01,26.41,1008.22,67.37
2026-09-08 20:20:00,AWS-W01,25.64,1008.27,67.82
2026-09-08 20:25:00,AWS-W01,25.89,1008.24,64.71
2026-09-08 20:30:00,AWS-W01,25.78,1008.6,67.66
2026-09-08 20:35:00,AWS-W01,27.16,1009.13,65.0
2026-09-08 20:40:00,AWS-W01,26.42,1008.37,67.01
2026-09-08 20:45:00,AWS-W01,26.16,1008.23,63.89
2026-09-08 20:50:00,AWS-W01,26.88,1008.2,62.72
2026-09-08 20:55:00,AWS-W01,26.97,1008.35,63.14
2026-09-08 21:00:00,AWS-W01,26.75,1007.97,63.25
2026-09-08 21:05:00,AWS-W01,27.23,1008.35,62.37
2026-09-08 21:10:00,AWS-W01,26.77,1008.49,62.2
2026-09-08 21:15:00,AWS-W01,27.0,1008.4,62.6
2026-09-08 21:20:00,AWS-W01,26.59,1008.51,61.41
2026-09-08 21:25:00,AWS-W01,26.94,1008.51,61.15
2026-09-08 21:30:00,AWS-W01,28.16,1007.64,58.26
2026-09-08 21:35:00,AWS-W01,28.21,1008.62,60.99
2026-09-08 21:40:00,AWS-W01,27.78,1008.12,59.85
2026-09-08 21:45:00,AWS-W01,28.45,1007.98,61.99
2026-09-08 21:50:00,AWS-W01,27.93,1008.0,57.75
2026-09-08 21:55:00,AWS-W01,28.01,1008.64,56.04
2026-09-08 22:00:00,AWS-W01,28.22,1008.41,59.27
2026-09-08 22:05:00,AWS-W01,28.27,1007.86,58.46
2026-09-08 22:10:00,AWS-W01,28.35,1008.76,56.03
2026-09-08 22:15:00,AWS-W01,28.93,1008.03,54.86
2026-09-08 22:20:00,AWS-W01,28.69,1008.71,59.07
2026-09-08 22:25:00,AWS-W01,28.99,1008.79,58.5
2026-09-08 22:30:00,AWS-W01,29.21,1009.09,52.27
2026-09-08 22:35:00,AWS-W01,29.09,1009.5,54.94
2026-09-08 22:40:00,AWS-W01,28.72,1008.29,57.75
2026-09-08 22:45:00,AWS-W01,28.68,1008.87,54.17
2026-09-08 22:50:00,AWS-W01,29.31,1008.83,53.79
2026-09-08 22:55:00,AWS-W01,29.29,1009.17,53.75
2026-09-08 23:00:00,AWS-W01,29.48,1009.14,52.14
2026-09-08 23:05:00,AWS-W01,29.54,1008.97,50.92
2026-09-08 23:10:00,AWS-W01,30.54,1008.99,54.72
2026-09-08 23:15:00,AWS-W01,29.26,1008.78,50.05
2026-09-08 23:20:00,AWS-W01,29.12,1009.68,52.86
2026-09-08 23:25:00,AWS-W01,30.02,1009.53,53.5
2026-09-08 23:30:00,AWS-W01,29.86,1009.78,49.68
2026-09-08 23:35:00,AWS-W01,30.18,1009.35,50.17
2026-09-08 23:40:00,AWS-W01,30.36,1009.28,53.07
2026-09-08 23:45:00,AWS-W01,30.68,1009.17,51.76
2026-09-08 23:50:00,AWS-W01,29.79,1009.81,49.75
2026-09-08 23:55:00,AWS-W01,30.19,1009.32,52.21
2026-09-09 00:00:00,AWS-W01,30.61,1010.54,51.94
2026-09-09 00:05:00,AWS-W01,30.81,1009.34,50.27
2026-09-09 00:10:00,AWS-W01,31.37,1010.04,48.27
2026-09-09 00:15:00,AWS-W01,31.01,1010.62,48.75
2026-09-09 00:20:00,AWS-W01,30.72,1010.3,49.56
2026-09-09 00:25:00,AWS-W01,30.49,1010.19,48.62
2026-09-09 00:30:00,AWS-W01,30.67,1009.8,50.09
2026-09-09 00:35:00,AWS-W01,30.71,1009.7,46.17
2026-09-09 00:40:00,AWS-W01,31.21,1010.62,46.02
2026-09-09 00:45:00,AWS-W01,31.12,1010.98,48.33
2026-09-09 00:50:00,AWS-W01,30.62,1010.26,47.14
2026-09-09 00:55:00,AWS-W01,30.98,1010.04,46.75
2026-09-09 01:00:00,AWS-W01,31.49,1009.57,44.87
2026-09-09 01:05:00,AWS-W01,31.35,1010.21,47.39
2026-09-09 01:10:00,AWS-W01,31.47,1010.61,47.13
2026-09-09 01:15:00,AWS-W01,31.44,1011.35,48.04
2026-09-09 01:20:00,AWS-W01,31.91,1011.03,47.03
2026-09-09 01:25:00,AWS-W01,31.46,1010.94,46.6
2026-09-09 01:30:00,AWS-W01,31.28,1010.7,48.45
2026-09-09 01:35:00,AWS-W01,31.12,1010.67,44.6
2026-09-09 01:40:00,AWS-W01,31.56,1011.51,47.28
2026-09-09 01:45:00,AWS-W01,30.64,1011.07,43.88
2026-09-09 01:50:00,AWS-W01,31.45,1010.19,45.05
2026-09-09 01:55:00,AWS-W01,31.46,1010.8,44.41
2026-09-09 02:00:00,AWS-W01,31.08,1010.76,47.34
2026-09-09 02:05:00,AWS-W01,31.24,1010.91,46.02
2026-09-09 02:10:00,AWS-W01,31.86,1011.38,46.06
2026-09-09 02:15:00,AWS-W01,31.67,1011.14,44.38
2026-09-09 02:20:00,AWS-W01,31.63,1011.18,45.57
2026-09-09 02:25:00,AWS-W01,31.71,1011.76,44.86
2026-09-09 02:30:00,AWS-W01,31.63,1010.97,46.58
2026-09-09 02:35:00,AWS-W01,32.03,1012.01,44.52
2026-09-09 02:40:00,AWS-W01,31.64,1011.01,48.01
2026-09-09 02:45:00,AWS-W01,31.08,1011.32,43.53
2026-09-09 02:50:00,AWS-W01,32.15,1011.18,44.87
2026-09-09 02:55:00,AWS-W01,31.7,1011.35,48.63
2026-09-09 03:00:00,AWS-W01,31.35,1011.48,45.52
2026-09-09 03:05:00,AWS-W01,31.1,1011.47,44.26
2026-09-09 03:10:00,AWS-W01,31.66,1010.99,46.63
2026-09-09 03:15:00,AWS-W01,31.45,1010.84,45.67
2026-09-09 03:20:00,AWS-W01,32.02,1012.28,45.22
2026-09-09 03:25:00,AWS-W01,31.32,1011.07,44.93
2026-09-09 03:30:00,AWS-W01,31.12,1011.53,50.83
2026-09-09 03:35:00,AWS-W01,31.69,1010.59,46.42
2026-09-09 03:40:00,AWS-W01,31.67,1011.1,44.04
2026-09-09 03:45:00,AWS-W01,31.37,1011.13,49.3
2026-09-09 03:50:00,AWS-W01,31.51,1011.35,48.12
2026-09-09 03:55:00,AWS-W01,31.21,1010.04,46.21
2026-09-09 04:00:00,AWS-W01,31.26,1011.17,46.12
2026-09-09 04:05:00,AWS-W01,31.54,1010.61,48.7
2026-09-09 04:10:00,AWS-W01,31.3,1011.16,47.5
2026-09-09 04:15:00,AWS-W01,30.97,1010.58,45.17
2026-09-09 04:20:00,AWS-W01,31.45,1010.61,50.94
2026-09-09 04:25:00,AWS-W01,30.09,1010.8,47.81
2026-09-09 04:30:00,AWS-W01,31.58,1010.44,50.92
2026-09-09 04:35:00,AWS-W01,30.2,1010.62,50.82
2026-09-09 04:40:00,AWS-W01,30.52,1010.29,47.63
2026-09-09 04:45:00,AWS-W01,30.66,1009.98,50.92
2026-09-09 04:50:00,AWS-W01,30.55,1011.07,48.64
2026-09-09 04:55:00,AWS-W01,30.89,1010.09,47.07
2026-09-09 05:00:00,AWS-W01,30.09,1010.48,49.5
2026-09-09 05:05:00,AWS-W01,30.48,1010.79,51.0
2026-09-09 05:10:00,AWS-W01,30.11,1010.19,49.99
2026-09-09 05:15:00,AWS-W01,30.34,1010.04,50.5
2026-09-09 05:20:00,AWS-W01,30.13,1010.4,52.97
2026-09-09 05:25:00,AWS-W01,30.11,1010.7,51.71
2026-09-09 05:30:00,AWS-W01,29.8,1009.72,50.59
2026-09-09 05:35:00,AWS-W01,29.72,1010.06,53.22
2026-09-09 05:40:00,AWS-W01,29.92,1009.37,52.78
2026-09-09 05:45:00,AWS-W01,30.06,1009.84,49.03
2026-09-09 05:50:00,AWS-W01,29.43,1009.94,53.79
2026-09-09 05:55:00,AWS-W01,29.24,1009.52,54.07
2026-09-09 06:00:00,AWS-W01,29.66,1009.62,53.85
2026-09-09 06:05:00,AWS-W01,29.34,1009.17,55.51
2026-09-09 06:10:00,AWS-W01,29.55,1009.7,53.52
2026-09-09 06:15:00,AWS-W01,28.84,1010.03,55.39
2026-09-09 06:20:00,AWS-W01,28.43,1009.1,52.9
2026-09-09 06:25:00,AWS-W01,28.77,1009.23,56.24
2026-09-09 06:30:00,AWS-W01,28.58,1009.61,58.93
2026-09-09 06:35:00,AWS-W01,28.72,1009.83,54.89
2026-09-09 06:40:00,AWS-W01,28.42,1008.69,55.63
2026-09-09 06:45:00,AWS-W01,28.79,1009.16,56.09
2026-09-09 06:50:00,AWS-W01,28.32,1009.28,57.74
2026-09-09 06:55:00,AWS-W01,28.37,1009.07,56.35
2026-09-09 07:00:00,AWS-W01,28.26,1008.06,58.98
2026-09-09 07:05:00,AWS-W01,28.16,1009.19,60.02
2026-09-09 07:10:00,AWS-W01,27.97,1009.55,59.96
2026-09-09 07:15:00,AWS-W01,28.05,1008.93,56.92
2026-09-09 07:20:00,AWS-W01,27.48,1008.42,61.48
2026-09-09 07:25:00,AWS-W01,28.13,1008.58,61.81
2026-09-09 07:30:00,AWS-W01,27.44,1009.45,62.07
2026-09-09 07:35:00,AWS-W01,26.95,1009.06,61.81
2026-09-09 07:40:00,AWS-W01,27.36,1008.91,62.0
2026-09-09 07:45:00,AWS-W01,26.88,1008.75,63.65
2026-09-09 07:50:00,AWS-W01,27.29,1008.31,65.41
2026-09-09 07:55:00,AWS-W01,27.71,1008.45,61.53
2026-09-09 08:00:00,AWS-W01,26.54,1008.47,65.01
2026-09-09 08:05:00,AWS-W01,26.82,1008.69,63.69
2026-09-09 08:10:00,AWS-W01,25.96,1009.04,64.06
2026-09-09 08:15:00,AWS-W01,26.62,1008.86,62.39
2026-09-09 08:20:00,AWS-W01,26.03,1007.82,64.7
2026-09-09 08:25:00,AWS-W01,26.0,1008.46,64.07
2026-09-09 08:30:00,AWS-W01,25.71,1008.65,65.3
2026-09-09 08:35:00,AWS-W01,26.24,1008.58,64.79
2026-09-09 08:40:00,AWS-W01,26.21,1008.07,66.2
2026-09-09 08:45:00,AWS-W01,25.75,1009.48,66.7
2026-09-09 08:50:00,AWS-W01,25.32,1007.79,67.89
2026-09-09 08:55:00,AWS-W01,26.06,1007.87,65.76
2026-09-09 09:00:00,AWS-W01,25.12,1008.39,66.44
2026-09-09 09:05:00,AWS-W01,24.51,1009.15,69.59
2026-09-09 09:10:00,AWS-W01,25.31,1007.97,68.28
2026-09-09 09:15:00,AWS-W01,24.64,1008.21,71.51
2026-09-09 09:20:00,AWS-W01,25.26,1008.75,70.67
2026-09-09 09:25:00,AWS-W01,24.66,1008.33,71.66
2026-09-09 09:30:00,AWS-W01,24.89,1008.22,73.29
2026-09-09 09:35:00,AWS-W01,25.05,1008.6,71.13
2026-09-09 09:40:00,AWS-W01,24.02,1008.5,71.15
2026-09-09 09:45:00,AWS-W01,24.13,1008.83,73.74
2026-09-09 09:50:00,AWS-W01,24.19,1008.96,73.6
2026-09-09 09:55:00,AWS-W01,24.64,1008.59,72.97
2026-09-09 10:00:00,AWS-W01,23.76,1008.62,75.74
2026-09-09 10:05:00,AWS-W01,23.68,1008.62,73.74
2026-09-09 10:10:00,AWS-W01,23.94,1008.77,74.5
2026-09-09 10:15:00,AWS-W01,23.47,1008.63,74.88
2026-09-09 10:20:00,AWS-W01,23.61,1008.65,73.83
2026-09-09 10:25:00,AWS-W01,22.13354286469244,1008.13472381959,79.6222856765378
2026-09-09 10:30:00,AWS-W01,22.63,1007.35,85.6
2026-09-09 10:35:00,AWS-W01,20.65867965644036,1005.3515728752536,87.64660171779822
2026-09-09 10:40:00,AWS-W01,20.431923788646685,1005.3758983848622,89.78038105676659
2026-09-09 10:45:00,AWS-W01,20.1322225211328,1004.7462966948436,91.35888739433602
2026-09-09 10:50:00,AWS-W01,20.61,1004.82,92.97
2026-09-09 10:55:00,AWS-W01,19.482222521132798,1005.2962966948436,93.43888739433604
2026-09-09 11:00:00,AWS-W01,20.851923788646683,1005.8558983848624,92.08038105676658
2026-09-09 11:05:00,AWS-W01,20.79867965644036,1006.2315728752536,88.62660171779821
2026-09-09 11:10:00,AWS-W01,21.21,1006.4,86.84
2026-09-09 11:15:00,AWS-W01,21.35354286469244,1007.80472381959,83.79228567653782
2026-09-09 11:20:00,AWS-W01,22.58,1009.65,78.0
2026-09-09 11:25:00,AWS-W01,22.04,1008.25,80.08
2026-09-09 11:30:00,AWS-W01,22.65,1009.89,76.9
2026-09-09 11:35:00,AWS-W01,21.79,1009.68,81.17
2026-09-09 11:40:00,AWS-W01,22.01,1010.07,81.74
2026-09-09 11:45:00,AWS-W01,21.77,1009.52,82.16
2026-09-09 11:50:00,AWS-W01,21.54,1008.84,80.73
2026-09-09 11:55:00,AWS-W01,22.07,1009.91,82.06
2026-09-09 12:00:00,AWS-W01,21.92,1010.31,84.0
2026-09-09 12:05:00,AWS-W01,22.09,1010.24,84.25
2026-09-09 12:10:00,AWS-W01,20.97,1009.67,82.34
2026-09-09 12:15:00,AWS-W01,21.9,1010.03,82.84
2026-09-09 12:20:00,AWS-W01,22.34,1009.85,84.53
2026-09-09 12:25:00,AWS-W01,21.24,1009.8,80.85
2026-09-09 12:30:00,AWS-W01,22.0,1010.57,82.84
2026-09-09 12:35:00,AWS-W01,21.19,1009.77,85.54
2026-09-09 12:40:00,AWS-W01,20.74,1009.96,85.2
2026-09-09 12:45:00,AWS-W01,21.06,1009.93,84.49
2026-09-09 12:50:00,AWS-W01,21.48,1009.84,81.87
2026-09-09 12:55:00,AWS-W01,20.77,1010.55,84.23
2026-09-09 13:00:00,AWS-W01,20.81,1011.01,83.59
2026-09-09 13:05:00,AWS-W01,21.18,1010.53,85.14
2026-09-09 13:10:00,AWS-W01,20.93,1010.06,83.58
2026-09-09 13:15:00,AWS-W01,21.1,1011.05,83.4
2026-09-09 13:20:00,AWS-W01,20.94,1011.44,81.98
2026-09-09 13:25:00,AWS-W01,20.99,1010.55,87.03
2026-09-09 13:30:00,AWS-W01,20.64,1010.67,84.72
2026-09-09 13:35:00,AWS-W01,20.84,1011.11,85.66
2026-09-09 13:40:00,AWS-W01,20.41,1011.6,85.52
2026-09-09 13:45:00,AWS-W01,21.16,1010.78,84.01
2026-09-09 13:50:00,AWS-W01,20.46,1010.5,83.81
2026-09-09 13:55:00,AWS-W01,21.06,1011.32,84.26
2026-09-09 14:00:00,AWS-W01,20.57,1011.42,84.74
2026-09-09 14:05:00,AWS-W01,20.7,1011.13,86.43
2026-09-09 14:10:00,AWS-W01,20.45,1010.94,84.73
2026-09-09 14:15:00,AWS-W01,20.26,1011.58,88.58
2026-09-09 14:20:00,AWS-W01,19.99,1011.42,87.52
2026-09-09 14:25:00,AWS-W01,20.23,1010.92,87.21
2026-09-09 14:30:00,AWS-W01,20.49,1011.27,85.82
2026-09-09 14:35:00,AWS-W01,20.68,1010.72,88.27
2026-09-09 14:40:00,AWS-W01,20.96,1011.55,85.65
2026-09-09 14:45:00,AWS-W01,20.46,1011.18,85.91
2026-09-09 14:50:00,AWS-W01,20.31,1011.12,86.18
2026-09-09 14:55:00,AWS-W01,20.13,1011.29,86.93
2026-09-09 15:00:00,AWS-W01,20.82,1011.32,86.78
2026-09-09 15:05:00,AWS-W01,21.15,1011.66,85.05
2026-09-09 15:10:00,AWS-W01,21.13,1011.53,84.9
2026-09-09 15:15:00,AWS-W01,20.95,1011.22,86.58
2026-09-09 15:20:00,AWS-W01,20.95,1011.58,86.6
2026-09-09 15:25:00,AWS-W01,21.35,1011.42,84.84
2026-09-09 15:30:00,AWS-W01,20.9,1011.08,82.94
2026-09-09 15:35:00,AWS-W01,21.05,1011.18,84.89
2026-09-09 15:40:00,AWS-W01,20.74,1011.15,86.01
2026-09-09 15:45:00,AWS-W01,20.42,1011.39,87.65
2026-09-09 15:50:00,AWS-W01,20.69,1011.01,83.0
2026-09-09 15:55:00,AWS-W01,20.97,1010.97,84.0
2026-09-09 16:00:00,AWS-W01,21.04,1011.89,83.89
2026-09-09 16:05:00,AWS-W01,21.74,1011.44,86.34
2026-09-09 16:10:00,AWS-W01,21.14,1010.72,84.07
2026-09-09 16:15:00,AWS-W01,21.58,1011.22,82.58
2026-09-09 16:20:00,AWS-W01,21.07,1011.0,84.58
2026-09-09 16:25:00,AWS-W01,21.17,1011.06,82.93
2026-09-09 16:30:00,AWS-W01,20.87,1010.92,81.48
2026-09-09 16:35:00,AWS-W01,21.14,1011.29,81.76
2026-09-09 16:40:00,AWS-W01,21.65,1010.9,85.47
2026-09-09 16:45:00,AWS-W01,21.53,1010.69,83.21
2026-09-09 16:50:00,AWS-W01,21.92,1011.08,82.54
2026-09-09 16:55:00,AWS-W01,21.73,1010.7,81.75
2026-09-09 17:00:00,AWS-W01,21.61,1010.6,82.31
2026-09-09 17:05:00,AWS-W01,22.56,1010.62,82.02
2026-09-09 17:10:00,AWS-W01,21.85,1010.4,81.76
2026-09-09 17:15:00,AWS-W01,22.37,1010.38,81.21
2026-09-09 17:20:00,AWS-W01,21.9,1010.08,82.05
2026-09-09 17:25:00,AWS-W01,22.38,1009.95,80.48
2026-09-09 17:30:00,AWS-W01,22.54,1009.79,78.68
2026-09-09 17:35:00,AWS-W01,22.37,1009.57,78.91
2026-09-09 17:40:00,AWS-W01,21.56,1009.71,76.54
2026-09-09 17:45:00,AWS-W01,22.48,1009.93,82.23
2026-09-09 17:50:00,AWS-W01,23.0,1009.97,80.15
2026-09-09 17:55:00,AWS-W01,22.84,1009.76,77.27
2026-09-09 18:00:00,AWS-W01,22.91,1008.86,77.75
2026-09-09 18:05:00,AWS-W01,22.25,1010.36,76.87
2026-09-09 18:10:00,AWS-W01,22.69,1010.1,79.79
2026-09-09 18:15:00,AWS-W01,23.19,1009.78,74.98
2026-09-09 18:20:00,AWS-W01,23.29,1010.3,76.92
2026-09-09 18:25:00,AWS-W01,23.67,1009.08,76.21
2026-09-09 18:30:00,AWS-W01,23.3,1010.17,77.24
2026-09-09 18:35:00,AWS-W01,23.6,1008.96,75.46
2026-09-09 18:40:00,AWS-W01,23.57,1009.38,72.6
2026-09-09 18:45:00,AWS-W01,23.32,1008.72,74.47
2026-09-09 18:50:00,AWS-W01,22.99,1009.17,72.99
2026-09-09 18:55:00,AWS-W01,24.04,1009.26,74.17
2026-09-09 19:00:00,AWS-W01,24.06,1008.99,75.8
2026-09-09 19:05:00,AWS-W01,23.89,1009.28,70.64
2026-09-09 19:10:00,AWS-W01,23.65,1008.98,71.64
2026-09-09 19:15:00,AWS-W01,24.55,1008.68,71.6
2026-09-09 19:20:00,AWS-W01,24.35,1008.61,71.44
2026-09-09 19:25:00,AWS-W01,24.76,1009.11,72.71
2026-09-09 19:30:00,AWS-W01,25.33,1008.48,70.92
2026-09-09 19:35:00,AWS-W01,24.04,1009.06,71.38
2026-09-09 19:40:00,AWS-W01,24.66,1009.14,69.39
2026-09-09 19:45:00,AWS-W01,24.95,1007.94,70.25
2026-09-09 19:50:00,AWS-W01,25.65,1009.02,70.64
2026-09-09 19:55:00,AWS-W01,24.69,1009.36,67.94
2026-09-09 20:00:00,AWS-W01,26.06,1008.6,69.78
2026-09-09 20:05:00,AWS-W01,25.55,1008.71,68.26
2026-09-09 20:10:00,AWS-W01,25.59,1008.86,69.31
2026-09-09 20:15:00,AWS-W01,25.67,1008.3,67.01
2026-09-09 20:20:00,AWS-W01,25.71,1008.46,67.44
2026-09-09 20:25:00,AWS-W01,26.35,1007.84,66.38
2026-09-09 20:30:00,AWS-W01,25.73,1008.41,65.86
2026-09-09 20:35:00,AWS-W01,26.34,1008.53,65.95
2026-09-09 20:40:00,AWS-W01,26.21,1008.53,65.93
2026-09-09 20:45:00,AWS-W01,26.19,1008.74,62.82
2026-09-09 20:50:00,AWS-W01,27.48,1008.0,66.41
2026-09-09 20:55:00,AWS-W01,26.85,1008.09,61.03
2026-09-09 21:00:00,AWS-W01,27.03,1009.06,62.36
2026-09-09 21:05:00,AWS-W01,27.33,1008.24,62.82
2026-09-09 21:10:00,AWS-W01,26.56,1008.39,63.15
2026-09-09 21:15:00,AWS-W01,27.79,1008.29,64.46
2026-09-09 21:20:00,AWS-W01,26.41,1007.99,58.88
2026-09-09 21:25:00,AWS-W01,27.14,1008.98,60.48
2026-09-09 21:30:00,AWS-W01,27.36,1008.14,57.63
2026-09-09 21:35:00,AWS-W01,27.84,1007.92,60.45
2026-09-09 21:40:00,AWS-W01,27.83,1008.21,60.39
2026-09-09 21:45:00,AWS-W01,27.81,1007.61,61.96
2026-09-09 21:50:00,AWS-W01,27.98,1008.18,59.34
2026-09-09 21:55:00,AWS-W01,27.75,1008.08,60.32
2026-09-09 22:00:00,AWS-W01,27.68,1008.75,59.22
2026-09-09 22:05:00,AWS-W01,28.57,1008.27,57.29
2026-09-09 22:10:00,AWS-W01,28.67,1008.93,55.43
2026-09-09 22:15:00,AWS-W01,29.09,1009.17,57.57
2026-09-09 22:20:00,AWS-W01,28.36,1008.96,54.53
2026-09-09 22:25:00,AWS-W01,28.99,1008.61,58.32
2026-09-09 22:30:00,AWS-W01,28.75,1008.8,55.76
2026-09-09 22:35:00,AWS-W01,29.37,1008.18,57.42
2026-09-09 22:40:00,AWS-W01,29.41,1008.78,54.53
2026-09-09 22:45:00,AWS-W01,29.23,1008.54,55.29
2026-09-09 22:50:00,AWS-W01,29.14,1009.22,54.84
2026-09-09 22:55:00,AWS-W01,29.69,1010.02,54.11
2026-09-09 23:00:00,AWS-W01,29.67,1009.25,53.18
2026-09-09 23:05:00,AWS-W01,29.3,1008.31,54.07
2026-09-09 23:10:00,AWS-W01,29.17,1009.02,51.76
2026-09-09 23:15:00,AWS-W01,29.63,1009.27,51.0
2026-09-09 23:20:00,AWS-W01,30.35,1009.32,54.35
2026-09-09 23:25:00,AWS-W01,30.3,1009.06,53.26
2026-09-09 23:30:00,AWS-W01,29.6,1009.51,51.96
2026-09-09 23:35:00,AWS-W01,29.66,1008.98,54.05
2026-09-09 23:40:00,AWS-W01,30.6,1009.16,50.85
2026-09-09 23:45:00,AWS-W01,29.84,1009.86,52.95
2026-09-09 23:50:00,AWS-W01,30.49,1009.26,50.94
2026-09-09 23:55:00,AWS-W01,30.17,1009.95,48.87
